Ticker,Date,Open,High,Low,Close,Volume,Daily_Return,MA7,MA21,Price_Range
INFY,2025-04-01,1495.01,1502.92,1474.22,1482.62,12680733,,,,28.7
INFY,2025-04-02,1491.07,1510.93,1491.07,1505.59,6193478,0.0155,,,19.86
INFY,2025-04-03,1490.54,1490.54,1442.36,1453.48,10459504,-0.0346,,,48.18
INFY,2025-04-04,1418.52,1429.69,1406.38,1409.92,9590254,-0.03,,,23.31
INFY,2025-04-07,1313.14,1365.49,1269.43,1356.6,21715252,-0.0378,,,96.06
INFY,2025-04-08,1389.87,1414.63,1374.33,1387.73,12805001,0.0229,,,40.3
INFY,2025-04-09,1364.66,1368.94,1342.18,1363.35,8546854,-0.0176,1422.76,,26.76
INFY,2025-04-11,1370.69,1397.44,1356.89,1368.94,12567440,0.0041,1406.52,,40.55
INFY,2025-04-15,1404.05,1406.09,1368.5,1385.01,10178530,0.0117,1389.29,,37.59
INFY,2025-04-16,1384.04,1386.47,1356.65,1372.48,12022740,-0.009,1377.72,,29.82
INFY,2025-04-17,1357.82,1388.7,1338.68,1378.7,14264227,0.0045,1373.26,,50.02
INFY,2025-04-21,1369.47,1429.5,1369.47,1409.29,15648970,0.0222,1380.79,,60.03
INFY,2025-04-22,1398.61,1398.61,1378.5,1381.9,9399738,-0.0194,1379.95,,20.11
INFY,2025-04-23,1404.44,1445.04,1398.22,1432.51,11136642,0.0366,1389.83,,46.82
INFY,2025-04-24,1427.65,1440.28,1419.49,1429.11,7114292,-0.0024,1398.43,,20.79
INFY,2025-04-25,1433.09,1458.54,1421.43,1437.65,8329979,0.006,1405.95,,37.11
INFY,2025-04-28,1437.65,1446.78,1423.18,1439.5,5886253,0.0013,1415.52,,23.6
INFY,2025-04-29,1439.4,1466.4,1431.73,1454.46,8056743,0.0104,1426.35,,34.67
INFY,2025-04-30,1453.78,1465.43,1439.98,1456.98,7704183,0.0017,1433.16,,25.45
INFY,2025-05-02,1456.59,1479.42,1453.19,1463.59,7402310,0.0045,1444.83,,26.23
INFY,2025-05-05,1471.45,1479.22,1459.6,1465.24,4282493,0.0011,1449.5,1420.7,19.62
INFY,2025-05-06,1462.71,1472.04,1456.01,1468.05,4270530,0.0019,1455.07,1420.0,16.03
INFY,2025-05-07,1456.88,1475.14,1453.58,1464.95,5691799,-0.0021,1458.97,1418.07,21.56
INFY,2025-05-08,1464.65,1472.91,1458.05,1467.96,8424409,0.0021,1463.03,1418.76,14.86
INFY,2025-05-09,1457.56,1467.96,1451.15,1464.27,4478653,-0.0025,1464.43,1421.35,16.81
INFY,2025-05-12,1492.82,1585.09,1487.96,1580.14,11372857,0.0791,1482.03,1431.99,97.13
INFY,2025-05-13,1562.75,1565.86,1519.63,1523.51,12846210,-0.0358,1490.59,1438.46,46.23
INFY,2025-05-14,1528.76,1549.15,1524.39,1546.63,4870057,0.0152,1502.22,1447.18,24.76
INFY,2025-05-15,1544.1,1572.08,1525.84,1566.64,11151167,0.0129,1516.3,1456.6,46.24
INFY,2025-05-16,1566.25,1566.25,1536.04,1544.2,4576751,-0.0143,1527.62,1464.18,30.21
INFY,2025-05-19,1531.19,1539.44,1510.98,1514.97,8855798,-0.0189,1534.34,1470.96,28.46
INFY,2025-05-20,1524.87,1537.98,1513.22,1515.74,7143998,0.0005,1541.69,1477.49,24.76
INFY,2025-05-21,1522.83,1525.84,1507.49,1523.42,4157309,0.0051,1533.59,1482.92,18.35
INFY,2025-05-22,1510.79,1515.94,1495.73,1503.02,6158990,-0.0134,1530.66,1488.69,20.21
INFY,2025-05-23,1505.45,1541.58,1505.45,1519.82,5038421,0.0112,1526.83,1492.85,36.13
INFY,2025-05-26,1521.57,1538.28,1517.78,1535.07,3170102,0.01,1522.32,1497.9,20.5
INFY,2025-05-27,1534.49,1537.4,1511.66,1524.97,7775714,-0.0066,1519.57,1502.05,25.74
INFY,2025-05-28,1535.56,1542.06,1524.87,1526.62,3623370,0.0011,1521.24,1506.2,17.19
INFY,2025-05-29,1543.33,1562.65,1531.28,1540.02,8609500,0.0088,1524.71,1510.28,31.37
INFY,2025-05-30,1547.31,1548.3,1531.65,1539.14,13148092,-0.0006,1526.95,1514.19,16.65
INFY,2025-06-02,1536.48,1536.48,1515.79,1530.37,4374509,-0.0057,1530.86,1517.37,20.69
INFY,2025-06-03,1535.49,1543.67,1512.45,1519.73,6853403,-0.007,1530.85,1519.96,31.22
INFY,2025-06-04,1519.73,1533.82,1518.16,1527.81,4548307,0.0053,1529.81,1522.81,15.66
INFY,2025-06-05,1524.56,1544.06,1518.36,1530.86,6948539,0.002,1530.65,1525.95,25.7
INFY,2025-06-06,1531.26,1545.24,1519.83,1540.22,3960020,0.0061,1532.59,1529.39,25.41
INFY,2025-06-09,1554.21,1564.06,1547.31,1549.18,2903202,0.0058,1533.9,1533.43,16.75
INFY,2025-06-10,1560.12,1583.26,1553.71,1571.94,8591925,0.0147,1538.59,1533.04,29.55
INFY,2025-06-11,1566.12,1609.95,1566.12,1606.51,10597410,0.022,1549.46,1536.99,43.83
INFY,2025-06-12,1592.62,1603.45,1574.0,1584.35,10483574,-0.0138,1558.7,1538.79,29.45
INFY,2025-06-13,1552.24,1584.74,1546.52,1577.84,6968315,-0.0041,1565.84,1539.32,38.22
INFY,2025-06-16,1575.88,1610.15,1573.02,1599.32,5591842,0.0136,1575.62,1541.95,37.13
INFY,2025-06-17,1596.26,1622.56,1591.24,1615.17,7622083,0.0099,1586.33,1546.72,31.32
INFY,2025-06-18,1596.56,1619.9,1596.56,1608.28,5629707,-0.0043,1594.77,1551.13,23.34
INFY,2025-06-19,1599.41,1605.42,1587.2,1594.0,5147760,-0.0089,1597.92,1554.49,18.22
INFY,2025-06-20,1594.59,1606.11,1584.64,1598.43,9202821,0.0028,1596.77,1559.03,21.47
INFY,2025-06-23,1576.86,1576.86,1551.65,1560.12,7943676,-0.024,1593.31,1560.95,25.21
INFY,2025-06-24,1576.86,1584.74,1552.83,1557.75,8083992,-0.0015,1590.44,1562.03,31.91
INFY,2025-06-25,1566.03,1595.48,1561.2,1590.55,7813533,0.0211,1589.19,1565.15,34.28
INFY,2025-06-26,1584.54,1599.51,1582.38,1591.63,6519233,0.0007,1585.82,1568.25,17.13
INFY,2025-06-27,1594.59,1605.03,1578.24,1583.75,8912268,-0.005,1582.32,1570.33,26.79
INFY,2025-06-30,1590.65,1590.65,1570.06,1577.65,6294505,-0.0039,1579.98,1572.16,20.59
INFY,2025-07-01,1584.74,1593.31,1576.37,1582.57,4178937,0.0031,1577.72,1574.65,16.94
INFY,2025-07-02,1593.6,1624.14,1579.22,1586.22,8653641,0.0023,1581.45,1577.82,44.92
INFY,2025-07-03,1594.1,1607.79,1590.65,1594.29,5259695,0.0051,1586.67,1580.98,17.14
INFY,2025-07-04,1600.5,1618.62,1587.99,1615.96,4411273,0.0136,1590.3,1585.03,30.63
INFY,2025-07-07,1615.27,1619.21,1598.53,1602.47,3294523,-0.0083,1591.84,1588.0,20.68
INFY,2025-07-08,1603.45,1621.38,1597.05,1613.99,4590681,0.0072,1596.16,1591.09,24.33
INFY,2025-07-09,1613.11,1613.3,1599.12,1609.07,4580828,-0.003,1600.65,1592.85,14.18
INFY,2025-07-10,1614.19,1614.19,1582.87,1591.44,5330179,-0.011,1601.92,1592.14,31.32
INFY,2025-07-11,1555.29,1582.87,1539.43,1570.85,11391755,-0.0129,1599.72,1591.49,43.44
INFY,2025-07-14,1567.8,1567.8,1536.28,1546.62,9173426,-0.0154,1592.91,1590.01,31.52
INFY,2025-07-15,1541.5,1579.42,1540.42,1561.69,7614807,0.0097,1585.16,1588.21,39.0
INFY,2025-07-16,1555.19,1587.69,1554.7,1583.66,6223491,0.0141,1582.47,1586.71,32.99
INFY,2025-07-17,1573.91,1585.72,1556.28,1559.62,7374814,-0.0152,1574.71,1584.4,29.44
INFY,2025-07-18,1568.09,1575.19,1556.18,1562.18,5161833,0.0016,1568.01,1582.88,19.01
INFY,2025-07-21,1556.18,1565.04,1543.18,1560.41,3682661,-0.0011,1563.58,1581.07,21.86
INFY,2025-07-22,1541.4,1561.89,1541.4,1547.21,8473741,-0.0085,1560.2,1580.46,20.49
INFY,2025-07-23,1552.53,1567.9,1526.63,1550.76,8035026,0.0023,1560.79,1580.12,41.27
INFY,2025-07-24,1556.18,1558.15,1524.86,1529.09,14169664,-0.014,1556.13,1577.2,33.29
INFY,2025-07-25,1520.13,1526.14,1488.51,1492.85,10851259,-0.0237,1543.16,1572.49,37.63
INFY,2025-07-28,1491.07,1496.39,1460.15,1493.14,6439855,0.0002,1533.66,1568.18,36.24
INFY,2025-07-29,1490.09,1494.32,1473.54,1490.88,7070448,-0.0015,1523.48,1564.05,20.78
INFY,2025-07-30,1496.98,1498.76,1483.29,1496.1,5719051,0.0035,1514.29,1559.93,15.47
INFY,2025-07-31,1486.94,1504.07,1474.43,1486.25,6851407,-0.0066,1505.58,1555.17,29.64
INFY,2025-08-01,1471.37,1476.1,1443.4,1447.44,8702978,-0.0261,1490.82,1548.18,32.7
INFY,2025-08-04,1439.46,1460.44,1429.12,1458.18,8610216,0.0074,1480.69,1540.66,31.32
INFY,2025-08-05,1456.4,1456.4,1433.06,1438.28,10213323,-0.0136,1472.9,1532.84,23.34
INFY,2025-08-06,1430.11,1434.14,1408.73,1415.04,10566934,-0.0162,1461.74,1523.37,25.41
INFY,2025-08-07,1408.44,1420.26,1392.88,1415.23,9892020,0.0001,1450.93,1514.14,27.38
INFY,2025-08-08,1403.51,1411.59,1395.73,1401.64,10048009,-0.0096,1437.44,1505.1,15.86
INFY,2025-08-11,1398.49,1411.79,1392.68,1406.67,6625368,0.0036,1426.07,1497.28,19.11
INFY,2025-08-12,1406.67,1419.27,1399.57,1402.63,9899184,-0.0029,1419.67,1490.43,19.7
INFY,2025-08-13,1403.51,1412.38,1400.95,1405.09,10318063,0.0018,1412.08,1482.97,11.43
INFY,2025-08-14,1404.7,1447.84,1404.7,1425.87,12902347,0.0148,1410.31,1475.46,43.14
INFY,2025-08-18,1442.62,1442.62,1408.04,1414.15,7254561,-0.0082,1410.18,1468.53,34.58
INFY,2025-08-19,1411.1,1427.55,1411.1,1418.29,3986094,0.0029,1410.62,1461.68,16.45
INFY,2025-08-20,1418.98,1476.4,1418.98,1473.64,10413061,0.039,1420.91,1457.54,57.42
INFY,2025-08-21,1485.26,1485.26,1461.92,1473.84,6565539,0.0001,1430.5,1454.05,23.34
INFY,2025-08-22,1475.51,1481.62,1463.69,1465.07,5543397,-0.006,1439.42,1449.97,17.93
INFY,2025-08-25,1483.98,1515.79,1483.98,1509.0,10694531,0.03,1454.27,1449.01,31.81
INFY,2025-08-26,1500.04,1515.2,1495.7,1506.54,15994798,-0.0016,1465.79,1449.67,19.5
INFY,2025-08-28,1506.54,1506.54,1475.41,1477.48,5443364,-0.0193,1474.84,1448.92,31.13
INFY,2025-08-29,1479.25,1479.25,1445.57,1447.44,8169075,-0.0203,1479.0,1446.85,33.68
INFY,2025-09-01,1454.43,1480.73,1453.94,1476.79,4546057,0.0203,1479.45,1445.93,26.79
INFY,2025-09-02,1476.79,1489.99,1463.89,1476.1,5218763,-0.0005,1479.77,1445.45,26.1
INFY,2025-09-03,1477.38,1479.25,1450.79,1456.8,4623483,-0.0131,1478.59,1445.89,28.46
INFY,2025-09-04,1461.62,1461.62,1438.08,1440.94,5787724,-0.0109,1468.87,1445.07,23.54
INFY,2025-09-05,1447.84,1450.49,1411.39,1422.82,5466487,-0.0126,1456.91,1444.34,39.1
INFY,2025-09-08,1429.12,1436.02,1406.76,1411.29,3811567,-0.0081,1447.45,1444.16,29.26
INFY,2025-09-09,1458.67,1484.47,1450.3,1481.62,13072640,0.0498,1452.34,1447.32,34.17
INFY,2025-09-10,1487.33,1511.76,1486.54,1509.49,7281071,0.0188,1457.01,1452.46,25.22
INFY,2025-09-11,1500.92,1504.47,1483.78,1486.94,8003662,-0.0149,1458.56,1456.28,20.69
INFY,2025-09-12,1513.83,1519.64,1498.16,1502.6,12856963,0.0105,1465.1,1461.04,21.48
INFY,2025-09-15,1502.6,1504.47,1478.56,1485.66,6167414,-0.0113,1471.49,1464.87,25.91
INFY,2025-09-16,1485.66,1491.17,1480.83,1488.51,8923112,0.0019,1480.87,1467.86,10.34
INFY,2025-09-17,1494.03,1503.68,1491.17,1499.45,4795698,0.0073,1493.47,1471.92,12.51
INFY,2025-09-18,1526.63,1531.55,1515.3,1517.37,9331945,0.012,1498.57,1476.64,16.25
INFY,2025-09-19,1521.31,1527.91,1497.18,1516.98,12988129,-0.0003,1499.64,1478.7,30.73
INFY,2025-09-22,1460.34,1491.86,1459.65,1476.89,15655204,-0.0264,1498.21,1478.85,32.21
INFY,2025-09-23,1470.49,1490.19,1470.49,1474.92,9832164,-0.0013,1494.25,1479.32,19.7
INFY,2025-09-24,1464.78,1474.13,1460.34,1472.06,4937004,-0.0019,1492.31,1477.56,13.79
INFY,2025-09-25,1466.55,1480.04,1454.24,1462.41,9491867,-0.0066,1488.58,1475.46,25.8
INFY,2025-09-26,1452.76,1456.4,1419.47,1427.05,8597058,-0.0242,1478.24,1473.05,36.93
INFY,2025-09-29,1437.99,1442.91,1414.84,1420.06,10513117,-0.0049,1464.34,1471.75,28.07
INFY,2025-09-30,1421.24,1430.3,1416.42,1420.06,7556305,0.0,1450.49,1469.05,13.88
INFY,2025-10-01,1424.2,1427.64,1405.88,1424.0,6250692,0.0028,1442.94,1466.57,21.76
INFY,2025-10-03,1417.3,1426.46,1411.59,1424.79,6877533,0.0006,1435.78,1465.04,14.87
INFY,2025-10-06,1424.79,1456.5,1420.55,1453.74,4630590,0.0203,1433.16,1465.65,35.95
INFY,2025-10-07,1455.42,1460.54,1432.08,1436.51,5570320,-0.0119,1429.46,1466.3,28.46
INFY,2025-10-08,1435.03,1475.41,1433.06,1472.46,4657192,0.025,1435.95,1469.22,42.35
INFY,2025-10-09,1479.35,1491.17,1464.58,1486.54,7028753,0.0096,1445.44,1469.45,26.59
INFY,2025-10-10,1487.23,1498.76,1476.2,1492.06,3738353,0.0037,1455.73,1468.62,22.56
INFY,2025-10-13,1474.43,1482.01,1461.03,1470.69,5859355,-0.0143,1462.4,1467.85,20.98
INFY,2025-10-14,1476.4,1491.57,1464.09,1467.44,5600789,-0.0022,1468.49,1466.17,27.48
INFY,2025-10-15,1461.53,1466.15,1445.37,1452.17,6986098,-0.0104,1468.27,1464.58,20.78
INFY,2025-10-16,1451.68,1452.27,1438.48,1449.31,8005748,-0.002,1470.1,1462.71,13.79
INFY,2025-10-17,1432.96,1436.41,1412.38,1419.37,16959378,-0.0207,1462.51,1458.9,24.03
INFY,2025-10-20,1431.78,1444.88,1428.14,1438.87,6994246,0.0137,1455.7,1455.16,16.74
INFY,2025-10-21,1455.71,1463.59,1447.84,1450.2,1698704,0.0079,1449.72,1451.98,15.75
INFY,2025-10-23,1487.23,1522.69,1483.29,1505.45,20358624,0.0381,1454.69,1453.34,39.4
INFY,2025-10-24,1516.29,1519.73,1495.11,1502.4,8652257,-0.002,1459.68,1454.65,24.62
INFY,2025-10-27,1510.0,1515.3,1498.1,1504.5,7273211,0.0014,1467.16,1456.19,17.2
INFY,2025-10-28,1499.7,1506.5,1490.5,1500.2,8211019,-0.0029,1474.43,1457.99,16.0
INFY,2025-10-29,1500.2,1520.2,1496.9,1510.4,4884976,0.0068,1487.43,1461.96,23.3
INFY,2025-10-30,1507.0,1508.2,1489.1,1493.8,5608867,-0.011,1495.28,1465.47,19.1
INFY,2025-10-31,1490.0,1497.1,1480.7,1482.3,4819814,-0.0077,1499.86,1468.44,16.4
INFY,2025-11-03,1482.3,1491.4,1474.2,1485.5,5470600,0.0022,1497.01,1471.37,17.2
INFY,2025-11-04,1479.7,1481.9,1462.9,1467.9,8691330,-0.0118,1492.09,1473.42,19.0
INFY,2025-11-06,1478.6,1483.0,1461.9,1466.7,7944752,-0.0008,1486.69,1474.04,21.1
INFY,2025-11-07,1470.0,1480.9,1449.1,1476.8,8765759,0.0069,1483.34,1475.96,31.8
INFY,2025-11-10,1490.1,1520.0,1490.0,1513.5,9787975,0.0249,1483.79,1477.91,30.0
INFY,2025-11-11,1525.0,1533.4,1511.1,1530.3,13692989,0.0111,1489.0,1479.99,22.3
INFY,2025-11-12,1540.0,1559.2,1538.1,1551.7,14635417,0.014,1498.91,1482.83,21.1
INFY,2025-11-13,1557.1,1557.5,1530.3,1541.8,19655689,-0.0064,1506.96,1486.22,27.2
INFY,2025-11-14,1520.0,1530.0,1488.8,1502.8,9739549,-0.0253,1511.94,1487.9,41.2
INFY,2025-11-17,1496.0,1510.2,1492.5,1507.6,7910354,0.0032,1517.79,1490.54,17.7
INFY,2025-11-18,1506.0,1506.0,1483.2,1486.4,7525119,-0.0141,1519.16,1492.31,22.8
INFY,2025-11-19,1490.5,1543.0,1490.5,1541.1,10981126,0.0368,1523.1,1498.11,52.5
INFY,2025-11-20,1555.0,1555.0,1534.0,1536.5,7387584,-0.003,1523.99,1502.75,21.0
INFY,2025-11-21,1531.0,1551.5,1526.3,1545.0,9186302,0.0055,1523.03,1507.27,25.2
INFY,2025-11-24,1563.6,1585.0,1541.0,1548.0,19270381,0.0019,1523.91,1509.3,44.0
INFY,2025-11-25,1549.0,1550.6,1525.9,1530.6,8107952,-0.0112,1527.89,1510.64,24.7
INFY,2025-11-26,1532.1,1560.3,1532.1,1557.9,7575038,0.0178,1535.07,1513.18,28.2
INFY,2025-11-27,1564.0,1574.3,1552.2,1566.4,7552252,0.0055,1546.5,1516.33,22.1
INFY,2025-11-28,1565.0,1568.4,1557.0,1560.1,4453221,-0.004,1549.21,1518.7,11.4
INFY,2025-12-01,1562.5,1574.0,1556.0,1564.0,5341800,0.0025,1553.14,1522.04,18.0
INFY,2025-12-02,1567.0,1579.9,1556.1,1561.0,6335969,-0.0019,1555.43,1525.79,23.8
INFY,2025-12-03,1555.1,1586.0,1554.1,1578.7,12895312,0.0113,1559.81,1530.23,31.9
INFY,2025-12-04,1568.0,1599.0,1568.0,1597.6,12609619,0.012,1569.39,1536.4,31.0
INFY,2025-12-05,1610.0,1631.8,1600.0,1616.2,10344725,0.0116,1577.71,1543.52,31.8
INFY,2025-12-08,1617.1,1630.0,1600.2,1610.8,7550413,-0.0033,1584.06,1549.9,29.8
INFY,2025-12-09,1601.2,1606.9,1582.4,1599.0,6957599,-0.0073,1589.61,1553.98,24.5
INFY,2025-12-10,1608.0,1608.0,1582.8,1584.8,5116140,-0.0089,1592.59,1556.57,25.2
INFY,2025-12-11,1598.0,1607.4,1580.5,1598.0,5159319,0.0083,1597.87,1558.78,26.9
INFY,2025-12-12,1601.4,1601.8,1582.6,1598.2,4633912,0.0001,1600.66,1561.46,19.2
INFY,2025-12-15,1585.0,1610.8,1585.0,1606.8,4190558,0.0054,1601.97,1566.41,25.8
INFY,2025-12-16,1600.0,1603.0,1585.6,1592.9,5499258,-0.0087,1598.64,1570.48,17.4
INFY,2025-12-17,1587.2,1606.9,1586.0,1602.0,4817628,0.0057,1597.39,1575.98,20.9
INFY,2025-12-18,1610.5,1630.0,1606.7,1626.8,6577293,0.0155,1601.36,1580.06,23.3
INFY,2025-12-19,1650.0,1654.9,1629.8,1638.7,13149023,0.0073,1609.06,1584.93,25.1
INFY,2025-12-22,1664.0,1693.2,1664.0,1689.6,23098923,0.0311,1622.14,1591.81,29.2
INFY,2025-12-23,1679.0,1679.0,1656.4,1668.3,6593060,-0.0126,1632.16,1597.54,22.6
INFY,2025-12-24,1661.0,1667.6,1652.5,1663.4,4271167,-0.0029,1640.24,1603.87,15.1
INFY,2025-12-26,1663.4,1668.8,1651.7,1656.1,2006491,-0.0044,1649.27,1608.54,17.1
INFY,2025-12-29,1658.0,1673.1,1637.1,1644.7,4062817,-0.0069,1655.37,1612.27,36.0
INFY,2025-12-30,1647.0,1647.9,1616.8,1621.6,9395937,-0.014,1654.63,1615.2,31.1
INFY,2025-12-31,1621.0,1628.6,1609.2,1615.4,6538656,-0.0038,1651.3,1617.65,19.4
INFY,2026-01-01,1615.4,1639.6,1614.1,1629.8,3658165,0.0089,1642.76,1620.92,25.5
INFY,2026-01-02,1635.9,1643.5,1627.5,1640.4,2524526,0.0065,1638.77,1623.86,16.0
INFY,2026-01-05,1637.0,1637.0,1583.1,1606.4,5917885,-0.0207,1630.63,1624.28,53.9
INFY,2026-01-06,1600.1,1619.9,1599.0,1612.2,4466729,0.0036,1624.36,1624.09,20.9
INFY,2026-01-07,1615.0,1642.0,1615.0,1639.0,4508079,0.0166,1623.54,1625.43,27.0
INFY,2026-01-08,1638.9,1644.3,1608.6,1613.3,3942131,-0.0157,1622.36,1626.11,35.7
INFY,2026-01-09,1610.0,1631.3,1607.0,1614.1,6816681,0.0005,1622.17,1627.51,24.3
INFY,2026-01-12,1610.1,1613.3,1592.6,1595.9,6985362,-0.0113,1617.33,1627.41,20.7
INFY,2026-01-13,1618.0,1618.0,1586.4,1599.0,8080618,0.0019,1611.41,1627.45,31.6
INFY,2026-01-14,1588.0,1617.0,1583.1,1599.8,7557157,0.0005,1610.47,1627.11,33.9
INFY,2026-01-16,1663.7,1694.0,1653.4,1689.8,19335957,0.0563,1621.56,1631.73,40.6
INFY,2026-01-19,1685.0,1685.0,1666.5,1681.2,5104958,-0.0051,1627.59,1635.5,18.5
INFY,2026-01-20,1673.0,1680.2,1652.9,1658.9,6406503,-0.0133,1634.1,1637.03,27.3
INFY,2026-01-21,1651.0,1657.0,1631.2,1654.4,6224582,-0.0027,1639.86,1637.78,25.8
INFY,2026-01-22,1666.0,1671.2,1653.8,1663.5,6228892,0.0055,1649.51,1636.53,17.4
INFY,2026-01-23,1667.2,1675.7,1662.2,1670.8,5869137,0.0044,1659.77,1636.65,13.5
INFY,2026-01-27,1685.8,1689.4,1661.1,1682.7,10673087,0.0071,1671.61,1637.57,28.3
INFY,2026-01-28,1680.0,1688.8,1650.0,1666.5,8588664,-0.0096,1668.29,1638.07,38.8
INFY,2026-01-29,1658.0,1666.5,1642.1,1659.5,4749582,-0.0042,1665.19,1638.77,24.4
INFY,2026-01-30,1655.0,1655.0,1618.1,1641.0,9207926,-0.0111,1662.63,1639.7,36.9
INFY,2026-02-02,1662.0,1662.0,1618.0,1629.4,6784887,-0.0071,1659.06,1640.36,44.0
INFY,2026-02-03,1727.2,1728.0,1653.0,1656.0,8805868,0.0163,1657.99,1641.61,75.0
INFY,2026-02-04,1574.0,1584.9,1510.1,1535.8,28828622,-0.0726,1638.7,1636.63,74.8
INFY,2026-02-05,1534.0,1551.0,1515.7,1520.2,10628127,-0.0102,1615.49,1632.52,35.3
INFY,2026-02-06,1522.1,1525.0,1480.0,1507.1,13900866,-0.0086,1592.71,1627.52,45.0
INFY,2026-02-09,1522.1,1528.0,1493.0,1497.2,8294615,-0.0066,1569.53,1620.77,35.0
INFY,2026-02-10,1500.0,1515.9,1491.0,1497.8,8657000,0.0004,1549.07,1615.27,24.9
INFY,2026-02-11,1501.2,1505.9,1469.0,1471.9,7934411,-0.0173,1526.57,1608.5,36.9
INFY,2026-02-12,1428.9,1435.7,1380.5,1386.0,26048896,-0.0584,1488.0,1598.5,55.2
INFY,2026-02-13,1293.9,1377.3,1281.5,1369.1,45785709,-0.0122,1464.19,1587.55,95.8
INFY,2026-02-16,1373.7,1376.0,1338.3,1365.6,14621891,-0.0026,1442.1,1576.4,37.7
INFY,2026-02-17,1370.0,1431.0,1367.0,1391.2,25347684,0.0187,1425.54,1562.18,64.0
INFY,2026-02-18,1390.9,1401.0,1345.3,1373.7,20241373,-0.0126,1407.9,1547.54,55.7
INFY,2026-02-19,1385.0,1402.0,1363.2,1370.5,14574228,-0.0023,1389.71,1533.8,38.8
INFY,2026-02-20,1359.2,1365.0,1338.2,1353.2,12633552,-0.0126,1372.76,1519.46,26.8
INFY,2026-02-23,1352.0,1352.0,1318.0,1327.5,12887826,-0.019,1364.4,1503.46,34.0
INFY,2026-02-24,1301.0,1303.6,1264.1,1275.5,27839061,-0.0392,1351.03,1484.64,39.5
INFY,2026-02-25,1286.2,1323.6,1286.2,1290.1,16669618,0.0114,1340.24,1465.94,37.4
INFY,2026-02-26,1305.5,1314.0,1286.3,1289.1,11493914,-0.0008,1325.66,1447.97,27.7
INFY,2026-02-27,1326.3,1335.0,1294.2,1300.1,23141724,0.0085,1315.14,1430.86,40.8
INFY,2026-03-02,1291.0,1298.8,1273.0,1288.9,9700361,-0.0086,1303.49,1414.09,25.8
INFY,2026-03-04,1292.0,1317.0,1292.0,1307.4,15154950,0.0144,1296.94,1398.76,25.0
INFY,2026-03-05,1320.0,1320.0,1290.1,1305.8,10362147,-0.0012,1293.84,1382.08,29.9
INFY,2026-03-06,1303.0,1327.2,1303.0,1308.4,8724291,0.002,1298.54,1371.25,24.2
INFY,2026-03-09,1290.0,1318.0,1282.5,1315.0,10068514,0.005,1302.1,1361.48,35.5
INFY,2026-03-10,1320.0,1321.0,1284.1,1295.6,9600171,-0.0148,1303.03,1351.41,36.9
INFY,2026-03-11,1288.0,1299.5,1271.3,1276.3,7868891,-0.0149,1299.63,1340.89,28.2
INFY,2026-03-12,1272.5,1278.6,1258.0,1265.8,7599940,-0.0082,1296.33,1329.84,20.6
INFY,2026-03-13,1251.0,1269.6,1242.6,1248.3,7366098,-0.0138,1287.89,1319.2,27.0
INFY,2026-03-16,1240.2,1254.3,1224.2,1249.8,12314450,0.0012,1279.89,1312.71,30.1
INFY,2026-03-17,1245.0,1245.0,1215.1,1232.9,11223276,-0.0135,1269.1,1306.22,29.9
INFY,2026-03-18,1238.0,1290.8,1234.9,1267.1,12365381,0.0277,1262.26,1301.53,55.9
INFY,2026-03-19,1244.2,1255.0,1215.1,1220.8,9156461,-0.0365,1251.57,1293.42,39.9
INFY,2026-03-20,1242.0,1264.8,1229.2,1255.9,27299975,0.0288,1248.66,1287.81,35.6
INFY,2026-03-23,1238.2,1261.1,1227.4,1256.8,12420293,0.0007,1247.37,1282.4,33.7
INFY,2026-03-24,1269.0,1297.0,1251.0,1278.3,13613495,0.0171,1251.66,1278.83,46.0
INFY,2026-03-25,1270.0,1290.6,1257.1,1279.1,10824030,0.0006,1255.84,1276.52,33.5
INFY,2026-03-27,1285.2,1294.8,1263.2,1269.7,13092541,-0.0073,1261.1,1276.25,31.6
INFY,2026-03-30,1250.0,1265.5,1243.0,1250.6,14108486,-0.015,1258.74,1274.37,22.5
RELIANCE,2025-04-01,1259.57,1272.82,1244.33,1247.62,12099648,,,,28.49
RELIANCE,2025-04-02,1242.59,1250.56,1238.95,1246.17,10142590,-0.0012,,,11.61
RELIANCE,2025-04-03,1228.15,1246.82,1228.15,1243.73,7434366,-0.002,,,18.67
RELIANCE,2025-04-04,1236.16,1240.5,1188.4,1199.91,17908652,-0.0352,,,52.1
RELIANCE,2025-04-07,1127.7,1166.59,1110.42,1161.06,22156106,-0.0324,,,56.17
RELIANCE,2025-04-08,1167.34,1191.84,1158.67,1177.5,19555040,0.0142,,,33.17
RELIANCE,2025-04-09,1164.85,1185.07,1163.35,1180.63,10223104,0.0027,1208.09,,21.72
RELIANCE,2025-04-11,1190.4,1217.79,1190.4,1214.1,11224242,0.0283,1203.3,,27.39
RELIANCE,2025-04-15,1246.02,1246.02,1232.18,1235.17,13378535,0.0174,1201.73,,13.84
RELIANCE,2025-04-16,1229.19,1235.96,1224.11,1234.37,8248464,-0.0006,1200.39,,11.85
RELIANCE,2025-04-17,1235.27,1275.11,1222.72,1269.43,15398401,0.0284,1210.32,,52.39
RELIANCE,2025-04-21,1264.95,1295.72,1261.96,1290.35,10429964,0.0165,1228.79,,33.76
RELIANCE,2025-04-22,1294.83,1298.71,1281.18,1286.06,13051707,-0.0033,1244.3,,17.53
RELIANCE,2025-04-23,1291.84,1300.8,1280.29,1294.83,10480888,0.0068,1260.62,,20.51
RELIANCE,2025-04-24,1287.26,1299.31,1285.17,1296.42,10468940,0.0012,1272.38,,14.14
RELIANCE,2025-04-25,1298.31,1319.93,1282.98,1295.23,14431012,-0.0009,1280.96,,36.95
RELIANCE,2025-04-28,1334.67,1369.13,1314.95,1363.35,31104496,0.0526,1299.38,,54.18
RELIANCE,2025-04-29,1365.55,1405.29,1364.55,1394.13,32538970,0.0226,1317.2,,40.74
RELIANCE,2025-04-30,1396.42,1406.78,1363.55,1399.41,25480745,0.0038,1332.78,,43.23
RELIANCE,2025-05-02,1408.38,1421.02,1403.49,1414.15,13007841,0.0105,1351.07,,17.53
RELIANCE,2025-05-05,1425.31,1433.77,1421.22,1425.61,12685649,0.0081,1369.76,1279.49,12.55
RELIANCE,2025-05-06,1425.31,1426.3,1404.99,1415.25,14084117,-0.0073,1386.73,1287.47,21.31
RELIANCE,2025-05-07,1415.25,1418.73,1397.12,1400.41,13440169,-0.0105,1401.76,1294.81,21.61
RELIANCE,2025-05-08,1398.51,1415.15,1392.44,1401.4,16106175,0.0007,1407.19,1302.32,22.71
RELIANCE,2025-05-09,1379.99,1389.25,1369.03,1371.72,13668904,-0.0212,1403.99,1310.5,20.22
RELIANCE,2025-05-12,1394.43,1433.28,1394.43,1430.79,10674081,0.0431,1408.48,1323.35,38.85
RELIANCE,2025-05-13,1427.8,1441.94,1406.78,1410.07,11407896,-0.0145,1407.89,1334.42,35.16
RELIANCE,2025-05-14,1414.35,1424.21,1409.87,1418.73,5570160,0.0061,1406.91,1345.76,14.34
RELIANCE,2025-05-15,1419.33,1455.59,1407.08,1448.42,20177211,0.0209,1411.65,1356.92,48.51
RELIANCE,2025-05-16,1447.42,1455.19,1441.54,1450.61,9036695,0.0015,1418.82,1367.18,13.65
RELIANCE,2025-05-19,1446.32,1448.81,1432.48,1435.07,6195791,-0.0107,1423.63,1376.74,16.33
RELIANCE,2025-05-20,1432.48,1439.25,1416.14,1418.93,11270560,-0.0112,1430.37,1383.85,23.11
RELIANCE,2025-05-21,1418.24,1430.49,1412.46,1423.51,6136364,0.0032,1429.33,1390.2,18.03
RELIANCE,2025-05-22,1415.55,1418.14,1391.34,1403.79,12134466,-0.0139,1428.44,1395.8,26.8
RELIANCE,2025-05-23,1401.0,1428.1,1401.0,1421.12,6474883,0.0123,1428.78,1401.82,27.1
RELIANCE,2025-05-26,1426.3,1435.27,1419.43,1429.09,4842944,0.0056,1426.02,1408.13,15.84
RELIANCE,2025-05-27,1420.43,1431.28,1408.28,1416.44,12640414,-0.0089,1421.14,1413.9,23.0
RELIANCE,2025-05-28,1414.45,1416.94,1405.09,1407.28,5944611,-0.0065,1417.17,1416.0,11.85
RELIANCE,2025-05-29,1406.48,1414.35,1403.0,1412.16,13771917,0.0035,1416.2,1416.86,11.35
RELIANCE,2025-05-30,1412.36,1424.91,1404.09,1415.25,13788484,0.0022,1415.02,1417.61,20.82
RELIANCE,2025-06-02,1406.48,1411.86,1390.05,1408.08,8098668,-0.0051,1415.63,1417.32,21.81
RELIANCE,2025-06-03,1416.64,1420.83,1397.82,1399.91,11252626,-0.0058,1412.6,1416.1,23.01
RELIANCE,2025-06-04,1409.07,1420.03,1400.51,1417.84,8126827,0.0128,1410.99,1416.22,19.52
RELIANCE,2025-06-05,1422.32,1448.91,1417.94,1436.66,13716817,0.0133,1413.88,1417.95,30.97
RELIANCE,2025-06-06,1435.27,1445.73,1431.28,1437.76,8182161,0.0008,1418.24,1419.68,14.45
RELIANCE,2025-06-09,1451.2,1451.7,1439.55,1443.04,7885125,0.0037,1422.65,1423.07,12.15
RELIANCE,2025-06-10,1444.23,1448.12,1430.29,1432.78,7913181,-0.0071,1425.15,1423.17,17.83
RELIANCE,2025-06-11,1440.05,1462.76,1437.36,1443.14,8195700,0.0072,1430.16,1424.74,25.4
RELIANCE,2025-06-12,1447.72,1451.2,1428.69,1435.87,8828114,-0.005,1435.3,1425.56,22.51
RELIANCE,2025-06-13,1418.34,1429.79,1408.67,1422.22,9757276,-0.0095,1435.92,1424.31,21.12
RELIANCE,2025-06-16,1421.22,1436.66,1418.73,1432.08,8458093,0.0069,1435.27,1423.43,17.93
RELIANCE,2025-06-17,1442.24,1442.24,1420.13,1425.51,10366599,-0.0046,1433.52,1422.97,22.11
RELIANCE,2025-06-18,1424.31,1437.06,1420.03,1424.41,6681735,-0.0008,1430.86,1423.24,17.03
RELIANCE,2025-06-19,1424.41,1434.17,1420.03,1427.6,10007230,0.0022,1430.12,1423.43,14.14
RELIANCE,2025-06-20,1425.31,1465.15,1422.42,1460.37,29010635,0.023,1432.58,1426.12,42.73
RELIANCE,2025-06-23,1447.22,1457.98,1436.26,1451.0,5989078,-0.0064,1434.74,1427.55,21.72
RELIANCE,2025-06-24,1459.17,1469.13,1437.36,1445.03,16402744,-0.0041,1438.0,1428.31,31.77
RELIANCE,2025-06-25,1458.18,1466.54,1454.69,1461.46,7525851,0.0114,1442.2,1430.45,11.85
RELIANCE,2025-06-26,1463.26,1492.84,1459.27,1489.35,14657893,0.0191,1451.32,1434.36,33.57
RELIANCE,2025-06-27,1493.44,1515.95,1490.95,1509.37,11117052,0.0134,1463.45,1438.99,25.0
RELIANCE,2025-06-30,1507.78,1518.73,1490.05,1494.63,8409527,-0.0098,1473.03,1442.77,28.68
RELIANCE,2025-07-01,1494.63,1525.31,1494.13,1522.32,10368523,0.0185,1481.88,1448.21,31.18
RELIANCE,2025-07-02,1522.32,1523.91,1502.7,1512.76,6361002,-0.0063,1490.7,1453.58,21.21
RELIANCE,2025-07-03,1514.75,1525.81,1506.98,1511.76,11283291,-0.0007,1500.24,1458.05,18.83
RELIANCE,2025-07-04,1517.94,1523.91,1511.16,1521.22,6603501,0.0063,1508.77,1462.08,12.75
RELIANCE,2025-07-07,1520.53,1538.65,1518.93,1535.37,7251074,0.0093,1515.35,1466.73,19.72
RELIANCE,2025-07-08,1529.89,1538.75,1524.11,1531.48,7171261,-0.0025,1518.51,1470.94,14.64
RELIANCE,2025-07-09,1530.59,1544.83,1504.09,1512.96,8870660,-0.0121,1521.12,1474.76,40.74
RELIANCE,2025-07-10,1513.65,1518.63,1501.5,1511.16,10047129,-0.0012,1519.53,1478.0,17.13
RELIANCE,2025-07-11,1505.99,1508.97,1484.37,1489.25,7234991,-0.0145,1516.17,1480.54,24.6
RELIANCE,2025-07-14,1486.26,1494.03,1473.22,1477.8,10311846,-0.0077,1511.32,1483.19,20.81
RELIANCE,2025-07-15,1480.29,1490.55,1476.5,1479.49,8132454,0.0011,1505.36,1485.44,14.05
RELIANCE,2025-07-16,1467.14,1485.07,1465.65,1479.69,10409983,0.0001,1497.4,1488.02,19.42
RELIANCE,2025-07-17,1481.48,1483.67,1468.04,1470.53,11854613,-0.0062,1488.7,1490.22,15.63
RELIANCE,2025-07-18,1478.89,1478.89,1463.26,1470.13,10296318,-0.0003,1482.58,1492.24,15.63
RELIANCE,2025-07-21,1459.17,1470.13,1417.44,1422.92,22442744,-0.0321,1469.97,1490.46,52.69
RELIANCE,2025-07-22,1421.72,1426.2,1405.09,1407.18,20396320,-0.0111,1458.25,1488.37,21.11
RELIANCE,2025-07-23,1420.33,1420.33,1408.77,1418.93,8354596,0.0084,1449.84,1487.13,11.56
RELIANCE,2025-07-24,1413.55,1417.34,1390.45,1397.32,14740507,-0.0152,1438.1,1484.08,26.89
RELIANCE,2025-07-25,1393.34,1395.43,1378.59,1386.16,11854722,-0.008,1424.74,1479.16,16.84
RELIANCE,2025-07-28,1386.76,1402.2,1379.49,1382.08,7748361,-0.0029,1412.1,1473.1,22.71
RELIANCE,2025-07-29,1377.5,1414.55,1377.5,1411.46,10750072,0.0213,1403.72,1469.14,37.05
RELIANCE,2025-07-30,1412.46,1417.64,1395.73,1404.49,7209849,-0.0049,1401.09,1463.53,21.91
RELIANCE,2025-07-31,1382.58,1397.02,1376.7,1384.67,17065827,-0.0141,1397.87,1457.43,20.32
RELIANCE,2025-08-01,1381.38,1400.31,1378.79,1388.16,10321171,0.0025,1393.48,1451.55,21.52
RELIANCE,2025-08-04,1389.55,1410.47,1386.16,1405.89,6312820,0.0128,1394.7,1446.05,24.31
RELIANCE,2025-08-05,1405.39,1405.39,1382.58,1386.16,9315972,-0.014,1394.7,1438.95,22.81
RELIANCE,2025-08-06,1386.36,1390.35,1377.8,1387.26,5834312,0.0008,1395.44,1432.08,12.55
RELIANCE,2025-08-07,1382.18,1388.16,1360.57,1383.87,9976705,-0.0024,1391.5,1425.93,27.59
RELIANCE,2025-08-08,1379.49,1391.64,1359.57,1362.36,8793606,-0.0155,1385.48,1418.85,32.07
RELIANCE,2025-08-11,1364.55,1382.48,1355.79,1380.69,9997486,0.0135,1384.91,1413.68,26.69
RELIANCE,2025-08-12,1376.4,1396.32,1369.73,1374.91,12244664,-0.0042,1383.02,1408.78,26.59
RELIANCE,2025-08-13,1382.48,1386.26,1372.02,1377.1,7457021,0.0016,1378.91,1403.9,14.24
RELIANCE,2025-08-14,1377.3,1380.7,1370.1,1373.8,7126128,-0.0024,1377.14,1398.86,10.6
RELIANCE,2025-08-18,1390.0,1394.9,1377.0,1381.7,11785109,0.0058,1376.35,1394.63,17.9
RELIANCE,2025-08-19,1390.0,1421.0,1389.1,1420.1,14384719,0.0278,1381.52,1392.25,31.9
RELIANCE,2025-08-20,1413.0,1424.9,1410.0,1413.0,8725641,-0.005,1388.76,1391.78,14.9
RELIANCE,2025-08-21,1425.0,1431.9,1420.3,1424.8,11021323,0.0084,1395.06,1392.61,11.6
RELIANCE,2025-08-22,1420.0,1423.4,1407.9,1409.2,5818868,-0.0109,1399.96,1392.15,15.5
RELIANCE,2025-08-25,1414.7,1419.5,1405.7,1412.6,5979407,0.0024,1405.03,1392.88,13.8
RELIANCE,2025-08-26,1408.0,1410.0,1381.6,1384.9,12145259,-0.0196,1406.61,1392.82,28.4
RELIANCE,2025-08-28,1389.9,1392.2,1366.5,1385.9,13161813,0.0007,1407.21,1393.0,25.7
RELIANCE,2025-08-29,1381.1,1403.5,1350.0,1357.2,18758842,-0.0207,1398.23,1390.42,53.5
RELIANCE,2025-09-01,1356.0,1363.2,1340.6,1353.9,11232238,-0.0024,1389.79,1388.01,22.6
RELIANCE,2025-09-02,1354.8,1384.5,1354.5,1366.5,11517006,0.0093,1381.46,1387.14,30.0
RELIANCE,2025-09-03,1369.7,1376.5,1360.5,1372.6,7847563,0.0045,1376.23,1386.4,16.0
RELIANCE,2025-09-04,1371.8,1374.0,1357.1,1359.3,13223177,-0.0097,1368.61,1384.18,16.9
RELIANCE,2025-09-05,1363.0,1381.0,1359.3,1375.0,5777575,0.0116,1367.2,1383.65,21.7
RELIANCE,2025-09-08,1380.0,1386.0,1372.4,1378.5,6986720,0.0025,1366.14,1383.23,13.6
RELIANCE,2025-09-09,1376.6,1381.2,1368.7,1376.2,9754452,-0.0017,1368.86,1382.87,12.5
RELIANCE,2025-09-10,1383.9,1388.5,1374.1,1377.0,7790815,0.0006,1372.16,1383.57,14.4
RELIANCE,2025-09-11,1376.0,1385.5,1375.0,1383.3,9766072,0.0046,1374.56,1383.69,10.5
RELIANCE,2025-09-12,1383.3,1396.3,1380.5,1395.0,7403368,0.0085,1377.76,1384.65,15.8
RELIANCE,2025-09-15,1393.0,1400.8,1388.6,1399.3,5396697,0.0031,1383.47,1385.7,12.2
RELIANCE,2025-09-16,1404.7,1408.0,1398.2,1405.3,8686961,0.0043,1387.8,1387.2,9.8
RELIANCE,2025-09-17,1407.0,1416.2,1406.9,1413.8,7519417,0.006,1392.84,1388.73,9.3
RELIANCE,2025-09-18,1420.4,1422.0,1410.7,1415.0,9332642,0.0008,1398.39,1388.49,11.3
RELIANCE,2025-09-19,1414.9,1417.0,1403.6,1407.4,13461373,-0.0054,1402.73,1388.22,13.4
RELIANCE,2025-09-22,1403.9,1410.7,1388.0,1390.6,7757970,-0.0119,1403.77,1386.6,22.7
RELIANCE,2025-09-23,1391.0,1395.0,1376.8,1389.8,14014702,-0.0006,1403.03,1385.67,18.2
RELIANCE,2025-09-24,1385.3,1396.0,1380.4,1383.0,5922759,-0.0049,1400.7,1384.26,15.6
RELIANCE,2025-09-25,1381.3,1384.5,1369.0,1372.4,11411143,-0.0077,1396.0,1383.67,15.5
RELIANCE,2025-09-26,1372.0,1382.7,1366.0,1377.6,9879109,0.0038,1390.83,1383.27,16.7
RELIANCE,2025-09-29,1381.6,1389.0,1368.0,1372.8,14231999,-0.0035,1384.8,1384.01,21.0
RELIANCE,2025-09-30,1377.1,1377.1,1362.8,1364.0,14604684,-0.0064,1378.6,1384.5,14.3
RELIANCE,2025-10-01,1367.0,1378.6,1362.7,1368.7,12045916,0.0034,1375.47,1384.6,15.9
RELIANCE,2025-10-03,1363.2,1371.6,1356.9,1363.4,12842347,-0.0039,1371.7,1384.16,14.7
RELIANCE,2025-10-06,1360.0,1377.4,1359.0,1375.0,12396580,0.0085,1370.56,1384.91,18.4
RELIANCE,2025-10-07,1376.0,1395.9,1375.9,1384.8,11244040,0.0071,1372.33,1385.38,20.0
RELIANCE,2025-10-08,1384.8,1389.0,1364.5,1367.4,8525081,-0.0126,1370.87,1384.85,24.5
RELIANCE,2025-10-09,1374.0,1380.0,1369.1,1377.8,8826633,0.0076,1371.59,1384.92,10.9
RELIANCE,2025-10-10,1377.8,1388.0,1375.1,1381.7,6373084,0.0028,1374.11,1385.15,12.9
RELIANCE,2025-10-13,1376.9,1377.7,1367.8,1375.0,7600682,-0.0048,1375.01,1384.75,9.9
RELIANCE,2025-10-14,1380.0,1388.0,1370.1,1375.9,9768174,0.0007,1376.8,1383.84,17.9
RELIANCE,2025-10-15,1383.0,1384.0,1372.7,1374.3,10882743,-0.0012,1376.7,1382.65,11.3
RELIANCE,2025-10-16,1375.1,1400.5,1375.0,1398.3,12315932,0.0175,1378.63,1382.32,25.5
RELIANCE,2025-10-17,1401.0,1423.3,1399.1,1416.8,19335561,0.0132,1385.69,1382.46,24.2
RELIANCE,2025-10-20,1440.0,1473.8,1433.3,1466.8,24721978,0.0353,1398.4,1384.93,40.5
RELIANCE,2025-10-21,1468.0,1474.0,1460.0,1465.2,2066169,-0.0011,1410.33,1387.68,14.0
RELIANCE,2025-10-23,1475.0,1482.9,1444.6,1448.4,18707090,-0.0115,1420.81,1390.43,38.3
RELIANCE,2025-10-24,1450.0,1459.8,1441.0,1451.6,9700837,0.0022,1431.63,1393.38,18.8
RELIANCE,2025-10-27,1463.0,1485.0,1458.0,1484.1,14113867,0.0224,1447.31,1398.19,27.0
RELIANCE,2025-10-28,1484.1,1492.0,1477.6,1486.9,17631577,0.0019,1459.97,1403.64,14.4
RELIANCE,2025-10-29,1490.0,1508.3,1488.1,1504.2,11884745,0.0116,1472.46,1409.67,20.2
RELIANCE,2025-10-30,1500.0,1503.1,1484.0,1488.5,9318663,-0.0104,1475.56,1415.18,19.1
RELIANCE,2025-10-31,1490.4,1497.5,1482.3,1486.4,8758053,-0.0014,1478.59,1421.01,15.2
RELIANCE,2025-11-03,1486.0,1495.0,1479.3,1484.7,8452085,-0.0011,1483.77,1426.53,15.7
RELIANCE,2025-11-04,1483.9,1492.8,1470.1,1473.1,10007806,-0.0078,1486.84,1431.76,22.7
RELIANCE,2025-11-06,1484.0,1501.6,1476.2,1496.1,16772678,0.0156,1488.56,1437.52,25.4
RELIANCE,2025-11-07,1494.6,1498.4,1475.9,1478.0,7821765,-0.0121,1487.29,1441.96,22.5
RELIANCE,2025-11-10,1477.9,1501.0,1475.5,1489.3,7068438,0.0076,1485.16,1447.77,25.5
RELIANCE,2025-11-11,1497.0,1498.8,1480.2,1493.4,7127506,0.0028,1485.86,1453.27,18.6
RELIANCE,2025-11-12,1505.0,1524.7,1500.0,1511.5,12384459,0.0121,1489.44,1459.45,24.7
RELIANCE,2025-11-13,1515.0,1522.1,1506.8,1510.9,7196443,-0.0004,1493.19,1465.92,15.3
RELIANCE,2025-11-14,1505.5,1520.9,1505.5,1518.9,7682823,0.0053,1499.73,1472.73,15.4
RELIANCE,2025-11-17,1520.9,1523.7,1511.5,1518.3,5871416,-0.0004,1502.9,1479.59,12.2
RELIANCE,2025-11-18,1521.7,1527.8,1510.5,1519.4,11045042,0.0007,1508.81,1485.36,17.3
RELIANCE,2025-11-19,1517.4,1522.3,1512.0,1518.9,5692366,-0.0003,1513.04,1490.22,10.3
RELIANCE,2025-11-20,1530.0,1550.9,1526.7,1549.1,18171724,0.0199,1521.0,1494.14,24.2
RELIANCE,2025-11-21,1541.0,1557.8,1540.1,1546.6,9615271,-0.0016,1526.01,1498.01,17.7
RELIANCE,2025-11-24,1550.0,1550.0,1531.8,1535.9,18433951,-0.0069,1529.59,1502.18,18.2
RELIANCE,2025-11-25,1535.9,1559.6,1525.1,1539.7,15033482,0.0025,1532.56,1506.38,34.5
RELIANCE,2025-11-26,1542.3,1571.6,1540.5,1569.9,14054299,0.0196,1539.93,1510.46,31.1
RELIANCE,2025-11-27,1575.0,1575.5,1556.0,1563.4,9794643,-0.0041,1546.21,1514.1,19.5
RELIANCE,2025-11-28,1568.0,1581.3,1563.0,1567.5,8959508,0.0026,1553.16,1517.12,18.3
RELIANCE,2025-12-01,1575.0,1577.5,1563.6,1566.1,8920233,-0.0009,1555.59,1520.81,13.9
RELIANCE,2025-12-02,1561.1,1567.5,1542.0,1546.3,11389150,-0.0126,1555.54,1523.67,25.5
RELIANCE,2025-12-03,1545.2,1552.4,1533.0,1538.8,6090883,-0.0049,1555.96,1526.24,19.4
RELIANCE,2025-12-04,1536.0,1560.5,1517.6,1535.6,11867930,-0.0021,1555.37,1529.22,42.9
RELIANCE,2025-12-05,1530.4,1545.8,1520.6,1540.6,10183266,0.0033,1551.19,1531.34,25.2
RELIANCE,2025-12-08,1539.2,1551.0,1535.0,1543.0,11301491,0.0016,1548.27,1534.43,16.0
RELIANCE,2025-12-09,1540.3,1542.5,1520.1,1529.4,11503971,-0.0088,1542.83,1536.34,22.4
RELIANCE,2025-12-10,1534.0,1547.5,1531.4,1536.9,7991629,0.0049,1538.66,1538.41,16.1
RELIANCE,2025-12-11,1536.9,1550.0,1524.0,1545.0,4706197,0.0053,1538.47,1540.01,26.0
RELIANCE,2025-12-12,1550.8,1559.8,1546.1,1556.5,5106655,0.0074,1541.0,1542.18,13.7
RELIANCE,2025-12-15,1551.2,1558.6,1546.5,1556.2,5774543,-0.0002,1543.94,1543.96,12.1
RELIANCE,2025-12-16,1545.0,1551.7,1538.8,1542.3,11731856,-0.0089,1544.19,1545.1,12.9
RELIANCE,2025-12-17,1550.0,1550.0,1539.3,1544.4,7116649,0.0014,1544.39,1546.29,10.7
RELIANCE,2025-12-18,1535.2,1551.5,1535.2,1544.4,6580829,0.0,1546.53,1547.5,16.3
RELIANCE,2025-12-19,1554.4,1574.2,1551.0,1565.1,13937275,0.0134,1550.56,1548.27,23.2
RELIANCE,2025-12-22,1573.5,1577.5,1565.3,1575.4,10184852,0.0066,1554.9,1549.64,12.2
RELIANCE,2025-12-23,1580.9,1580.9,1568.1,1570.7,7506564,-0.003,1556.93,1551.3,12.8
RELIANCE,2025-12-24,1572.7,1575.7,1553.6,1558.2,8815745,-0.008,1557.21,1552.18,22.1
RELIANCE,2025-12-26,1554.7,1561.0,1554.3,1559.2,2311495,0.0006,1559.63,1551.67,6.7
RELIANCE,2025-12-29,1554.9,1558.1,1543.6,1545.6,5972105,-0.0087,1559.8,1550.82,14.5
RELIANCE,2025-12-30,1547.0,1553.6,1537.8,1539.8,8815884,-0.0038,1559.14,1549.5,15.8
RELIANCE,2025-12-31,1541.0,1577.0,1541.0,1570.4,5771830,0.0199,1559.9,1549.7,36.0
RELIANCE,2026-01-01,1573.7,1592.5,1571.1,1575.6,6408128,0.0033,1559.93,1551.1,21.4
RELIANCE,2026-01-02,1580.0,1594.6,1578.2,1592.3,6602230,0.0106,1563.01,1553.65,16.4
RELIANCE,2026-01-05,1593.0,1611.8,1575.3,1578.1,8704973,-0.0089,1565.86,1555.67,36.5
RELIANCE,2026-01-06,1569.0,1569.0,1496.3,1507.6,27417125,-0.0447,1558.49,1554.1,72.7
RELIANCE,2026-01-07,1510.0,1520.0,1498.0,1504.2,11199340,-0.0023,1552.57,1552.25,22.0
RELIANCE,2026-01-08,1500.0,1503.9,1468.8,1470.6,16518684,-0.0223,1542.69,1549.45,35.1
RELIANCE,2026-01-09,1465.0,1479.9,1465.0,1475.3,8335311,0.0032,1529.1,1546.52,14.9
RELIANCE,2026-01-12,1475.3,1485.3,1451.0,1483.2,8883745,0.0054,1515.9,1543.58,34.3
RELIANCE,2026-01-13,1485.0,1485.8,1444.7,1452.8,13499760,-0.0205,1495.97,1538.64,41.1
RELIANCE,2026-01-14,1444.0,1467.0,1440.2,1458.8,8321764,0.0041,1478.93,1534.0,26.8
RELIANCE,2026-01-16,1458.8,1480.0,1455.1,1457.9,17167161,-0.0006,1471.83,1529.98,24.9
RELIANCE,2026-01-19,1450.6,1450.6,1403.3,1413.6,20392765,-0.0304,1458.89,1523.75,47.3
RELIANCE,2026-01-20,1410.7,1416.0,1390.0,1394.0,13189498,-0.0139,1447.94,1516.59,26.0
RELIANCE,2026-01-21,1389.5,1412.9,1373.0,1404.6,17352720,0.0076,1437.84,1508.95,39.9
RELIANCE,2026-01-22,1410.1,1419.5,1395.0,1402.5,15721693,-0.0015,1426.31,1500.71,24.5
RELIANCE,2026-01-23,1401.8,1407.0,1381.0,1386.1,9837802,-0.0117,1416.79,1491.92,26.0
RELIANCE,2026-01-27,1380.0,1391.6,1368.0,1380.5,26302396,-0.004,1405.6,1483.46,23.6
RELIANCE,2026-01-28,1385.0,1409.9,1384.9,1396.7,11121657,0.0117,1396.86,1475.72,25.0
RELIANCE,2026-01-29,1402.9,1402.9,1384.0,1391.0,20846683,-0.0041,1393.63,1468.36,18.9
RELIANCE,2026-01-30,1382.6,1398.0,1378.5,1395.4,11239835,0.0032,1393.83,1461.49,19.5
RELIANCE,2026-02-02,1340.0,1392.9,1335.5,1390.4,15711165,-0.0036,1391.8,1452.91,57.4
RELIANCE,2026-02-03,1473.9,1489.5,1430.2,1437.1,25456171,0.0336,1396.74,1446.32,59.3
RELIANCE,2026-02-04,1444.0,1464.0,1440.3,1456.8,8333387,0.0137,1406.84,1439.87,23.7
RELIANCE,2026-02-05,1457.0,1461.5,1439.5,1443.4,11763658,-0.0092,1415.83,1433.45,22.0
RELIANCE,2026-02-06,1441.5,1452.8,1433.5,1450.8,8277304,0.0051,1423.56,1430.75,19.3
RELIANCE,2026-02-09,1458.0,1465.9,1453.0,1461.6,5775864,0.0074,1433.64,1428.72,12.9
RELIANCE,2026-02-10,1471.0,1471.0,1452.2,1458.5,10259630,-0.0021,1442.66,1428.14,18.8
RELIANCE,2026-02-11,1459.6,1470.0,1453.6,1468.7,7106877,0.007,1453.84,1427.83,16.4
RELIANCE,2026-02-12,1470.0,1473.0,1445.5,1448.9,11135399,-0.0135,1455.53,1426.2,27.5
RELIANCE,2026-02-13,1445.5,1450.7,1416.3,1419.6,10755693,-0.0202,1450.21,1424.61,34.4
RELIANCE,2026-02-16,1420.1,1439.6,1409.3,1437.1,5896514,0.0123,1449.31,1423.58,30.3
RELIANCE,2026-02-17,1431.1,1431.8,1418.6,1423.0,10731630,-0.0098,1445.34,1421.92,13.2
RELIANCE,2026-02-18,1427.0,1442.1,1419.2,1441.3,5521096,0.0129,1442.44,1423.24,22.9
RELIANCE,2026-02-19,1443.0,1443.0,1400.0,1409.5,11884664,-0.0221,1435.44,1423.98,43.0
RELIANCE,2026-02-20,1409.5,1427.4,1406.1,1419.4,8177670,0.007,1428.4,1424.68,21.3
RELIANCE,2026-02-23,1425.0,1434.9,1418.3,1428.0,7758856,0.0061,1425.41,1425.9,16.6
RELIANCE,2026-02-24,1425.3,1433.3,1415.0,1428.8,12529409,0.0006,1426.73,1427.93,18.3
RELIANCE,2026-02-25,1435.0,1440.5,1393.5,1398.5,10728792,-0.0212,1421.21,1428.79,47.0
RELIANCE,2026-02-26,1398.5,1412.9,1391.9,1406.8,16683858,0.0059,1418.9,1429.27,21.0
RELIANCE,2026-02-27,1398.0,1410.4,1388.1,1393.9,12031440,-0.0092,1412.13,1429.4,22.3
RELIANCE,2026-03-02,1375.5,1378.6,1341.5,1358.0,23728722,-0.0258,1404.77,1427.62,37.1
RELIANCE,2026-03-04,1330.0,1352.8,1307.0,1345.0,32495007,-0.0096,1394.14,1425.46,45.8
RELIANCE,2026-03-05,1353.1,1399.0,1353.1,1389.4,25957532,0.033,1388.63,1423.19,45.9
RELIANCE,2026-03-06,1396.5,1424.3,1390.3,1404.8,19311971,0.0111,1385.2,1420.71,34.0
RELIANCE,2026-03-09,1375.0,1429.4,1370.0,1424.0,24870822,0.0137,1388.84,1419.79,59.4
RELIANCE,2026-03-10,1430.6,1431.5,1400.6,1408.8,18071259,-0.0107,1389.13,1417.79,30.9
RELIANCE,2026-03-11,1424.9,1434.0,1383.6,1390.2,21848087,-0.0132,1388.6,1414.39,50.4
RELIANCE,2026-03-12,1390.0,1410.9,1381.1,1392.2,20939959,0.0014,1393.49,1411.23,29.8
RELIANCE,2026-03-13,1385.2,1400.8,1378.4,1380.7,17265090,-0.0083,1398.59,1407.04,22.4
RELIANCE,2026-03-16,1380.0,1397.3,1363.5,1395.1,22837802,0.0104,1399.4,1404.48,33.8
RELIANCE,2026-03-17,1399.0,1405.9,1388.2,1397.6,19007744,0.0018,1398.37,1403.43,17.7
RELIANCE,2026-03-18,1397.2,1412.9,1397.2,1408.1,9559327,0.0075,1396.1,1402.05,15.7
RELIANCE,2026-03-19,1388.0,1415.7,1376.1,1384.8,16498373,-0.0165,1392.67,1400.23,39.6
RELIANCE,2026-03-20,1398.0,1430.0,1396.1,1414.4,22994918,0.0214,1396.13,1398.95,33.9
RELIANCE,2026-03-23,1400.0,1415.6,1391.0,1407.8,18979554,-0.0047,1398.36,1398.87,24.6
RELIANCE,2026-03-24,1420.0,1422.4,1406.6,1411.8,18620893,0.0028,1402.8,1398.51,15.8
RELIANCE,2026-03-25,1420.0,1430.5,1408.4,1413.1,19041331,0.0009,1405.37,1397.8,22.1
RELIANCE,2026-03-27,1401.0,1404.7,1345.0,1348.1,23266517,-0.046,1398.3,1393.96,59.7
RELIANCE,2026-03-30,1335.0,1365.0,1334.1,1343.9,24393861,-0.0031,1389.13,1391.36,30.9
TCS,2025-04-01,3453.35,3464.28,3407.25,3432.19,2618493,,,,57.03
TCS,2025-04-02,3425.61,3445.04,3412.13,3425.57,1764313,-0.0019,,,32.91
TCS,2025-04-03,3374.38,3385.02,3282.7,3289.47,4537821,-0.0397,,,102.32
TCS,2025-04-04,3250.27,3286.09,3185.41,3189.18,5317367,-0.0305,,,100.68
TCS,2025-04-07,2996.45,3181.45,2953.96,3164.68,6623955,-0.0077,,,227.49
TCS,2025-04-08,3191.75,3237.13,3146.56,3182.95,5557558,0.0058,,,90.57
TCS,2025-04-09,3151.63,3160.77,3104.75,3138.15,2990265,-0.0141,3260.31,,56.02
TCS,2025-04-11,3179.66,3188.75,3098.9,3123.55,7108961,-0.0047,3216.22,,89.85
TCS,2025-04-15,3203.68,3203.68,3130.42,3139.69,3512160,0.0052,3175.38,,73.26
TCS,2025-04-16,3139.69,3168.6,3121.14,3164.44,2384391,0.0079,3157.52,,47.46
TCS,2025-04-17,3137.09,3193.24,3110.5,3188.7,2932346,0.0077,3157.45,,82.74
TCS,2025-04-21,3180.2,3241.96,3174.4,3210.64,2432946,0.0069,3164.02,,67.56
TCS,2025-04-22,3211.61,3222.53,3184.93,3203.68,2710498,-0.0022,3166.98,,37.6
TCS,2025-04-23,3252.59,3306.63,3225.82,3298.99,3543923,0.0298,3189.96,,80.81
TCS,2025-04-24,3287.49,3298.51,3274.53,3287.97,2252175,-0.0033,3213.44,,23.98
TCS,2025-04-25,3305.76,3361.63,3291.26,3332.82,2742991,0.0136,3241.03,,70.37
TCS,2025-04-28,3320.25,3342.29,3291.26,3328.47,1593296,-0.0013,3264.47,,51.03
TCS,2025-04-29,3339.59,3378.25,3315.81,3356.5,1578332,0.0084,3288.44,,62.44
TCS,2025-04-30,3356.02,3392.65,3253.56,3338.33,2809332,-0.0054,3306.68,,139.09
TCS,2025-05-02,3356.02,3374.87,3305.76,3316.39,1721761,-0.0066,3322.78,,69.11
TCS,2025-05-05,3334.75,3387.43,3331.27,3338.91,1284443,0.0068,3328.48,3259.58,56.16
TCS,2025-05-06,3344.42,3356.99,3322.19,3344.42,1324763,0.0017,3336.55,3255.4,34.8
TCS,2025-05-07,3306.34,3343.94,3306.34,3330.02,1477128,-0.0043,3336.15,3250.85,37.6
TCS,2025-05-08,3332.82,3360.85,3314.17,3333.69,2543591,0.0011,3336.89,3252.96,46.68
TCS,2025-05-09,3285.46,3331.08,3284.59,3325.38,2531757,-0.0025,3332.45,3259.45,46.49
TCS,2025-05-12,3387.92,3509.22,3385.21,3499.46,2228678,0.0523,3355.47,3275.39,124.01
TCS,2025-05-13,3499.46,3501.97,3393.23,3397.58,3062887,-0.0291,3367.07,3285.61,108.74
TCS,2025-05-14,3403.38,3442.05,3391.4,3430.16,2119499,0.0096,3380.1,3299.51,50.65
TCS,2025-05-15,3444.95,3479.74,3396.71,3460.31,3548330,0.0088,3396.66,3315.55,83.03
TCS,2025-05-16,3473.85,3473.85,3427.64,3442.34,1666727,-0.0052,3412.7,3329.96,46.21
TCS,2025-05-19,3431.41,3431.41,3386.66,3401.26,2537377,-0.0119,3422.36,3341.24,44.75
TCS,2025-05-20,3413.82,3439.15,3377.28,3381.44,2038374,-0.0058,3430.36,3350.42,61.87
TCS,2025-05-21,3390.82,3418.85,3381.44,3408.02,1440153,0.0079,3417.3,3359.82,37.41
TCS,2025-05-22,3378.25,3380.96,3336.01,3360.85,2034383,-0.0138,3412.05,3367.3,44.95
TCS,2025-05-23,3360.85,3416.91,3349.83,3397.2,1274331,0.0108,3407.35,3371.98,67.08
TCS,2025-05-26,3403.38,3426.58,3392.85,3419.14,967470,0.0065,3401.46,3378.22,33.73
TCS,2025-05-27,3414.01,3421.75,3366.75,3381.83,2467680,-0.0109,3392.82,3380.56,55.0
TCS,2025-05-28,3402.42,3411.11,3376.32,3380.86,1222933,-0.0003,3389.91,3383.05,34.79
TCS,2025-05-29,3387.63,3414.5,3370.03,3381.25,3188072,0.0001,3389.88,3384.23,44.47
TCS,2025-05-30,3373.42,3389.56,3337.75,3347.71,3404365,-0.0099,3381.26,3384.68,51.81
TCS,2025-06-02,3334.75,3344.42,3304.4,3334.56,1877585,-0.0039,3377.51,3385.54,40.02
TCS,2025-06-03,3330.89,3357.47,3286.91,3291.45,2848125,-0.0129,3362.4,3383.28,70.56
TCS,2025-06-04,3304.91,3310.56,3286.38,3297.01,2544807,0.0017,3344.95,3381.02,24.18
TCS,2025-06-05,3324.41,3324.41,3280.24,3287.45,3584683,-0.0029,3331.47,3379.0,44.17
TCS,2025-06-06,3287.45,3306.76,3275.36,3300.23,2070390,0.0039,3319.95,3377.4,31.4
TCS,2025-06-09,3315.63,3348.79,3306.76,3336.99,1718678,0.0111,3313.63,3377.96,42.03
TCS,2025-06-10,3354.64,3399.31,3338.26,3376.97,2419874,0.012,3317.81,3372.12,61.05
TCS,2025-06-11,3383.9,3402.43,3363.52,3385.75,2847013,0.0026,3325.12,3371.56,38.91
TCS,2025-06-12,3385.75,3388.48,3338.26,3348.99,4060134,-0.0109,3333.34,3367.7,50.22
TCS,2025-06-13,3309.0,3364.88,3309.0,3360.2,2178493,0.0033,3342.37,3362.93,55.88
TCS,2025-06-16,3354.64,3421.93,3341.18,3409.55,1934088,0.0147,3359.81,3361.37,80.75
TCS,2025-06-17,3422.91,3432.66,3401.55,3428.07,2111940,0.0054,3378.07,3362.64,31.11
TCS,2025-06-18,3431.78,3450.21,3357.67,3365.76,2696327,-0.0182,3382.18,3361.9,92.54
TCS,2025-06-19,3364.39,3365.37,3328.31,3339.04,2672768,-0.0079,3376.77,3358.61,37.06
TCS,2025-06-20,3340.01,3360.79,3326.26,3350.45,2351248,0.0034,3371.72,3358.12,34.53
TCS,2025-06-23,3330.26,3340.01,3286.38,3309.39,3123421,-0.0123,3366.07,3353.94,53.63
TCS,2025-06-24,3349.38,3356.69,3298.08,3306.27,3403048,-0.0009,3358.36,3348.56,58.61
TCS,2025-06-25,3322.75,3364.39,3315.63,3359.32,1757699,0.016,3351.19,3347.49,48.76
TCS,2025-06-26,3359.32,3365.76,3330.56,3356.4,2879106,-0.0009,3340.95,3346.32,35.2
TCS,2025-06-27,3369.27,3380.39,3345.87,3355.72,1778433,-0.0002,3339.51,3345.11,34.52
TCS,2025-06-30,3354.54,3378.92,3344.89,3376.1,1468351,0.0061,3344.81,3346.46,34.03
TCS,2025-07-01,3369.27,3398.53,3328.8,3344.6,2375183,-0.0093,3343.97,3346.94,69.73
TCS,2025-07-02,3400.67,3403.3,3335.14,3338.36,3090585,-0.0019,3348.11,3349.17,68.16
TCS,2025-07-03,3344.89,3350.06,3313.29,3316.42,2531870,-0.0066,3349.56,3350.1,36.77
TCS,2025-07-04,3323.44,3341.96,3305.98,3334.94,1109320,0.0056,3346.08,3352.36,35.98
TCS,2025-07-07,3333.48,3341.09,3323.83,3327.04,1639174,-0.0024,3341.88,3353.63,17.26
TCS,2025-07-08,3320.51,3340.01,3309.2,3321.68,2325242,-0.0016,3337.02,3352.91,30.81
TCS,2025-07-09,3325.39,3329.29,3283.45,3299.84,2034938,-0.0066,3326.13,3349.23,45.84
TCS,2025-07-10,3296.13,3314.66,3272.73,3298.08,3035012,-0.0005,3319.48,3345.06,41.93
TCS,2025-07-11,3218.02,3252.25,3180.18,3184.96,7635550,-0.0343,3297.57,3337.25,72.07
TCS,2025-07-14,3184.96,3190.81,3120.6,3142.73,3924009,-0.0133,3272.75,3326.89,70.21
TCS,2025-07-15,3126.45,3178.52,3126.45,3171.6,2590889,0.0092,3249.42,3315.56,52.07
TCS,2025-07-16,3157.61,3175.12,3151.34,3163.58,2540733,-0.0025,3226.07,3302.97,23.78
TCS,2025-07-17,3154.77,3172.28,3135.2,3140.19,2947640,-0.0074,3200.14,3292.22,37.08
TCS,2025-07-18,3155.65,3159.37,3118.47,3121.3,3432645,-0.006,3174.63,3281.86,40.9
TCS,2025-07-21,3121.4,3128.84,3084.22,3090.29,3844346,-0.0099,3144.95,3269.47,44.62
TCS,2025-07-22,3091.66,3111.72,3086.76,3091.66,3198036,0.0004,3131.62,3259.1,24.96
TCS,2025-07-23,3091.66,3113.57,3089.7,3110.74,1922875,0.0062,3127.05,3249.79,23.87
TCS,2025-07-24,3097.04,3105.45,3072.48,3080.31,2934778,-0.0098,3114.01,3236.5,32.97
TCS,2025-07-25,3072.48,3089.01,3058.39,3068.37,2568917,-0.0039,3100.41,3222.79,30.62
TCS,2025-07-28,3043.12,3050.95,3003.89,3013.08,3374473,-0.018,3082.25,3206.47,47.06
TCS,2025-07-29,2994.2,3007.9,2975.8,2990.28,4785312,-0.0076,3063.53,3188.1,32.1
TCS,2025-07-30,2994.2,3003.0,2981.67,2987.94,2880121,-0.0008,3048.91,3171.11,21.33
TCS,2025-07-31,2976.29,2994.0,2950.17,2971.5,2968371,-0.0055,3031.75,3153.64,43.83
TCS,2025-08-01,2964.75,2971.5,2935.49,2938.42,2053847,-0.0111,3007.13,3135.64,36.01
TCS,2025-08-04,2944.39,3013.18,2927.27,3008.29,2519252,0.0238,2996.84,3120.09,85.91
TCS,2025-08-05,3008.29,3011.32,2976.59,2998.01,1927996,-0.0034,2986.79,3104.42,34.73
TCS,2025-08-06,2997.13,3000.85,2960.93,2967.09,1487081,-0.0103,2980.22,3087.54,39.92
TCS,2025-08-07,2951.14,2985.98,2946.15,2981.48,2543076,0.0048,2978.96,3072.38,39.83
TCS,2025-08-08,2982.55,2994.0,2959.95,2971.11,2762140,-0.0035,2976.56,3056.81,34.05
TCS,2025-08-11,2971.11,2984.32,2956.33,2975.41,1884215,0.0014,2977.12,3046.83,27.99
TCS,2025-08-12,2975.61,3029.82,2961.81,2970.13,3358232,-0.0018,2981.65,3038.61,68.01
TCS,2025-08-13,2970.81,2978.93,2963.47,2970.91,2148166,0.0003,2976.31,3029.05,15.46
TCS,2025-08-14,2968.76,2990.19,2954.18,2957.31,3342174,-0.0046,2970.49,3019.23,36.01
TCS,2025-08-18,2980.99,2983.43,2938.82,2946.45,2945609,-0.0037,2967.54,3010.0,44.61
TCS,2025-08-19,2946.45,2959.95,2946.35,2951.34,2650784,0.0017,2963.24,3001.91,13.6
TCS,2025-08-20,2946.15,3036.66,2946.15,3031.97,4952358,0.0273,2971.93,2999.13,90.51
TCS,2025-08-21,3062.69,3062.69,3016.8,3035.88,3230726,0.0013,2980.57,2996.48,45.89
TCS,2025-08-22,3019.64,3029.13,2984.41,2988.33,1593791,-0.0157,2983.17,2990.65,44.72
TCS,2025-08-25,3020.91,3084.22,3010.93,3073.07,3448370,0.0284,2997.76,2990.3,73.29
TCS,2025-08-26,3061.71,3094.0,3052.91,3089.31,5522097,0.0053,3016.62,2991.3,41.09
TCS,2025-08-28,3077.37,3078.84,3020.13,3027.17,3116051,-0.0201,3028.15,2991.97,58.71
TCS,2025-08-29,3026.49,3048.02,3011.03,3018.37,2271789,-0.0029,3037.73,2993.31,36.99
TCS,2025-09-01,3023.55,3063.77,3023.55,3045.67,1246862,0.009,3039.69,2996.06,40.22
TCS,2025-09-02,3053.98,3087.16,3036.37,3044.59,2185229,-0.0004,3040.93,2999.54,50.79
TCS,2025-09-03,3062.6,3074.34,3021.6,3030.89,1799774,-0.0045,3047.01,3003.94,52.74
TCS,2025-09-04,3048.99,3050.95,3024.34,3029.13,1481391,-0.0006,3040.73,3004.93,26.61
TCS,2025-09-05,3030.5,3036.66,2963.47,2982.75,2802055,-0.0153,3025.51,3004.21,73.19
TCS,2025-09-08,2984.41,2998.99,2951.14,2954.08,2626187,-0.0096,3015.07,3003.59,47.85
TCS,2025-09-09,2966.9,2994.2,2965.63,2983.83,2489301,0.0101,3010.13,3003.7,28.57
TCS,2025-09-10,2990.68,3055.55,2987.74,3043.12,2079428,0.0199,3009.77,3007.13,67.81
TCS,2025-09-11,3071.5,3071.5,3043.22,3057.02,2263446,0.0046,3011.55,3011.02,28.28
TCS,2025-09-12,3076.39,3080.99,3053.89,3066.02,1447167,0.0029,3016.56,3015.58,27.1
TCS,2025-09-15,3066.61,3066.61,3029.42,3044.98,1732539,-0.0069,3018.83,3019.11,37.19
TCS,2025-09-16,3060.74,3082.26,3042.24,3078.06,2573429,0.0109,3032.44,3024.86,40.02
TCS,2025-09-17,3084.22,3113.97,3074.83,3104.57,2418271,0.0086,3053.94,3032.39,39.14
TCS,2025-09-18,3116.51,3134.12,3093.42,3108.39,2633138,0.0012,3071.74,3039.87,40.7
TCS,2025-09-19,3101.83,3112.11,3076.39,3101.05,4901694,-0.0024,3080.01,3043.16,35.72
TCS,2025-09-22,3028.45,3040.09,2999.09,3007.7,3634901,-0.0301,3072.97,3041.81,41.0
TCS,2025-09-23,3003.98,3014.45,2986.37,2996.55,3177741,-0.0037,3063.04,3042.21,28.08
TCS,2025-09-24,2984.41,2991.26,2967.78,2970.13,1625714,-0.0088,3052.35,3037.3,23.48
TCS,2025-09-25,2957.02,2964.45,2887.54,2893.8,4974361,-0.0257,3026.03,3027.99,76.91
TCS,2025-09-26,2877.76,2891.26,2829.13,2836.76,3934636,-0.0197,2987.77,3018.93,62.13
TCS,2025-09-29,2853.29,2866.31,2831.77,2833.82,3110035,-0.001,2948.54,3010.14,34.54
TCS,2025-09-30,2848.4,2852.61,2823.06,2826.29,2253458,-0.0027,2909.29,2999.69,29.55
TCS,2025-10-01,2828.83,2861.91,2804.96,2851.53,1952902,0.0089,2886.98,2990.5,56.95
TCS,2025-10-03,2861.12,2861.12,2828.93,2839.5,2899519,-0.0042,2864.55,2981.38,32.19
TCS,2025-10-06,2839.6,2929.23,2833.33,2924.14,2112774,0.0298,2857.98,2976.39,95.9
TCS,2025-10-07,2930.6,2939.89,2891.95,2909.75,3062943,-0.0049,2860.26,2972.91,47.94
TCS,2025-10-08,2911.03,2977.56,2904.18,2962.1,4121889,0.018,2878.16,2973.29,73.38
TCS,2025-10-09,2968.76,3000.07,2955.06,2995.86,3211304,0.0114,2901.31,2973.86,45.01
TCS,2025-10-10,2984.41,3003.98,2942.24,2963.18,8817365,-0.0109,2920.87,2970.06,61.74
TCS,2025-10-13,2961.91,2970.23,2933.73,2942.53,2866865,-0.007,2933.87,2964.61,36.5
TCS,2025-10-14,2956.04,2962.1,2891.95,2896.64,3611416,-0.0156,2942.03,2956.54,70.15
TCS,2025-10-15,2917.95,2926.5,2898.31,2916.78,4282226,0.007,2940.98,2950.43,28.19
TCS,2025-10-16,2916.87,2921.88,2890.55,2917.66,3251495,0.0003,2942.11,2942.8,31.33
TCS,2025-10-17,2916.97,2935.44,2902.63,2909.31,4374683,-0.0029,2934.57,2933.5,32.81
TCS,2025-10-20,2932.2,2969.03,2925.32,2961.37,3133039,0.0179,2929.64,2926.5,43.71
TCS,2025-10-21,2976.98,2977.67,2942.51,2953.02,310644,-0.0028,2928.19,2919.45,35.16
TCS,2025-10-23,3000.46,3042.69,2981.89,3018.33,5564758,0.0221,2939.02,2919.95,60.8
TCS,2025-10-24,3025.01,3034.83,3003.7,3008.51,2684318,-0.0033,2955.0,2920.52,31.13
TCS,2025-10-27,3011.75,3038.96,3005.56,3029.82,1946312,0.0071,2971.15,2923.37,33.4
TCS,2025-10-28,3021.08,3035.03,2985.92,3003.3,3470737,-0.0088,2983.38,2928.58,49.11
TCS,2025-10-29,3003.3,3021.08,2991.71,3003.01,2895420,-0.0001,2996.77,2936.5,29.37
TCS,2025-10-30,2994.66,3009.1,2978.65,2981.11,2241536,-0.0073,2999.59,2943.51,30.45
TCS,2025-10-31,2980.81,3012.63,2971.09,3003.4,1868085,0.0075,3006.78,2951.95,41.54
TCS,2025-11-03,2992.5,3003.4,2956.26,2962.94,2194877,-0.0135,2998.87,2957.25,47.14
TCS,2025-11-04,2965.69,2975.21,2922.87,2936.81,2670720,-0.0088,2988.63,2961.88,52.34
TCS,2025-11-06,2936.71,2970.01,2936.62,2957.14,2542721,0.0069,2978.24,2963.46,33.39
TCS,2025-11-07,2947.42,2950.37,2907.64,2938.38,1830520,-0.0063,2968.97,2964.82,42.73
TCS,2025-11-10,2939.56,2993.48,2938.58,2971.19,1556656,0.0112,2964.42,2965.25,54.9
TCS,2025-11-11,2990.63,3001.14,2964.12,2992.6,2806868,0.0072,2966.07,2965.1,37.02
TCS,2025-11-12,3005.37,3080.4,3002.52,3075.88,4460315,0.0278,2976.42,2970.46,77.88
TCS,2025-11-13,3075.88,3075.98,3046.62,3050.25,1740435,-0.0083,2988.89,2975.59,29.36
TCS,2025-11-14,3034.83,3057.52,3022.36,3050.54,2210794,0.0001,3005.14,2982.92,35.16
TCS,2025-11-17,3050.54,3067.73,3031.49,3046.81,2232853,-0.0012,3017.95,2989.11,36.24
TCS,2025-11-18,3046.62,3049.56,3023.04,3031.98,2548350,-0.0049,3031.32,2994.56,26.52
TCS,2025-11-19,3041.71,3098.67,3028.45,3091.5,3151053,0.0196,3048.51,3003.23,70.22
TCS,2025-11-20,3091.79,3108.0,3082.07,3088.65,2700767,-0.0009,3062.23,3009.29,25.93
TCS,2025-11-21,3088.65,3113.4,3079.22,3094.35,4177037,0.0018,3064.87,3016.02,34.18
TCS,2025-11-24,3101.62,3122.14,3075.1,3085.12,6703764,-0.003,3069.85,3019.2,47.04
TCS,2025-11-25,3089.14,3093.56,3059.38,3063.51,2737920,-0.007,3071.7,3021.82,34.18
TCS,2025-11-26,3063.12,3121.26,3061.35,3106.43,2508527,0.014,3080.22,3025.47,59.91
TCS,2025-11-27,3123.22,3123.22,3069.21,3080.6,2836233,-0.0083,3087.17,3029.15,54.01
TCS,2025-11-28,3083.94,3091.11,3069.21,3081.48,1616690,0.0003,3085.73,3032.89,21.9
TCS,2025-12-01,3081.87,3097.69,3066.46,3077.46,1747647,-0.0013,3084.14,3037.48,31.23
TCS,2025-12-02,3075.1,3087.87,3064.69,3079.71,2512003,0.0007,3082.04,3041.11,23.18
TCS,2025-12-03,3083.94,3154.55,3082.96,3123.22,3952112,0.0141,3087.49,3048.74,71.59
TCS,2025-12-04,3136.97,3191.97,3130.49,3171.54,5025905,0.0155,3102.92,3059.92,61.48
TCS,2025-12-05,3172.33,3213.19,3164.87,3180.38,5244013,0.0028,3113.48,3070.55,48.32
TCS,2025-12-08,3185.1,3201.7,3151.31,3178.71,2544725,-0.0005,3127.5,3082.0,50.39
TCS,2025-12-09,3172.33,3175.96,3124.4,3151.02,2734893,-0.0087,3137.43,3090.56,51.56
TCS,2025-12-10,3167.42,3167.42,3121.36,3132.26,1386849,-0.006,3145.26,3097.21,46.06
TCS,2025-12-11,3147.78,3151.12,3096.8,3134.91,1914362,0.0008,3153.15,3100.02,54.32
TCS,2025-12-12,3140.61,3165.46,3128.82,3163.0,1146554,0.009,3158.83,3105.39,36.64
TCS,2025-12-15,3153.77,3180.38,3140.21,3172.53,1562190,0.003,3158.97,3111.2,40.17
TCS,2025-12-16,3162.51,3162.51,3134.13,3147.88,1734623,-0.0078,3154.33,3116.01,28.38
TCS,2025-12-17,3143.36,3179.11,3143.36,3160.35,1376350,0.004,3151.71,3122.12,35.75
TCS,2025-12-18,3170.37,3229.1,3163.49,3222.22,2307422,0.0196,3161.88,3128.35,65.61
TCS,2025-12-19,3240.1,3258.66,3220.26,3223.4,3902511,0.0004,3174.9,3134.77,38.4
TCS,2025-12-22,3250.9,3269.17,3232.24,3265.54,2632816,0.0131,3193.56,3142.92,36.93
TCS,2025-12-23,3260.63,3260.63,3234.7,3250.9,2365420,-0.0045,3206.12,3150.81,25.93
TCS,2025-12-24,3245.11,3267.7,3237.25,3259.74,1367708,0.0027,3218.58,3160.16,30.45
TCS,2025-12-26,3253.95,3260.72,3213.38,3221.44,1176664,-0.0117,3229.08,3165.63,47.34
TCS,2025-12-29,3221.44,3229.29,3185.0,3193.45,2079473,-0.0087,3233.81,3171.01,44.29
TCS,2025-12-30,3191.97,3209.16,3181.66,3188.83,2807593,-0.0014,3229.04,3176.12,27.5
TCS,2025-12-31,3182.15,3188.04,3141.39,3148.96,3362634,-0.0125,3218.41,3179.52,46.65
TCS,2026-01-01,3157.6,3176.36,3141.1,3169.78,1255735,0.0066,3204.73,3183.81,35.26
TCS,2026-01-02,3176.26,3196.2,3162.02,3192.66,1184324,0.0072,3196.41,3187.12,34.18
TCS,2026-01-05,3182.64,3189.03,3134.03,3158.68,2341703,-0.0106,3181.97,3186.51,55.0
TCS,2026-01-06,3152.69,3204.94,3147.78,3197.67,2912325,0.0123,3178.58,3187.33,57.16
TCS,2026-01-07,3185.0,3241.67,3165.65,3236.76,1989442,0.0122,3184.76,3190.09,76.02
TCS,2026-01-08,3228.21,3228.21,3125.19,3146.7,4159336,-0.0278,3178.74,3189.89,103.02
TCS,2026-01-09,3134.03,3172.04,3134.03,3150.53,1938673,0.0012,3178.97,3190.76,38.01
TCS,2026-01-12,3145.81,3193.94,3117.63,3181.76,2228342,0.0099,3180.68,3192.99,76.31
TCS,2026-01-13,3187.06,3221.44,3153.18,3209.65,5645341,0.0088,3183.11,3195.21,68.26
TCS,2026-01-14,3201.79,3201.79,3126.17,3135.5,3539511,-0.0231,3179.8,3193.45,75.62
TCS,2026-01-16,3219.4,3221.9,3171.0,3206.7,4293470,0.0227,3181.09,3196.25,50.9
TCS,2026-01-19,3188.0,3220.0,3152.1,3163.6,3387562,-0.0134,3170.63,3196.4,67.9
TCS,2026-01-20,3151.6,3160.0,3091.1,3102.3,4499273,-0.0194,3164.29,3190.69,68.9
TCS,2026-01-21,3100.0,3138.5,3082.0,3122.6,2015150,0.0065,3160.3,3185.89,56.5
TCS,2026-01-22,3150.0,3160.0,3122.3,3150.4,2269827,0.0089,3155.82,3180.41,37.7
TCS,2026-01-23,3190.3,3194.5,3152.0,3162.5,2068857,0.0038,3149.09,3176.2,42.5
TCS,2026-01-27,3175.0,3175.0,3130.0,3158.0,4279874,-0.0014,3152.3,3171.36,45.0
TCS,2026-01-28,3176.0,3205.2,3170.6,3200.1,2751234,0.0133,3151.36,3170.34,34.6
TCS,2026-01-29,3200.1,3200.1,3125.6,3144.4,2457641,-0.0174,3148.61,3168.0,74.5
TCS,2026-01-30,3141.0,3141.0,3092.0,3123.9,3022068,-0.0065,3151.7,3164.91,49.0
TCS,2026-02-02,3198.0,3198.0,3134.0,3169.6,2636272,0.0146,3158.41,3165.89,64.0
TCS,2026-02-03,3350.0,3350.0,3186.3,3225.3,4366060,0.0176,3169.11,3168.54,163.7
TCS,2026-02-04,3120.0,3120.0,2986.0,2999.1,10852595,-0.0701,3145.77,3159.32,134.0
TCS,2026-02-05,2990.0,3029.7,2972.3,2991.5,3521545,-0.0025,3121.99,3151.36,57.4
TCS,2026-02-06,2976.6,2985.0,2916.0,2941.6,4687389,-0.0167,3085.06,3139.17,69.0
TCS,2026-02-09,2959.1,2977.0,2937.5,2948.2,2380318,0.0022,3057.03,3125.43,39.5
TCS,2026-02-10,2949.8,3011.6,2943.5,2984.6,3547763,0.0123,3037.13,3117.71,68.1
TCS,2026-02-11,2980.0,2998.0,2904.2,2909.8,3363513,-0.0251,3000.01,3106.24,93.8
TCS,2026-02-12,2869.8,2880.0,2740.0,2750.1,10612156,-0.0549,2932.13,3085.69,140.0
TCS,2026-02-13,2585.0,2713.0,2585.0,2692.2,11168735,-0.0211,2888.29,3061.05,128.0
TCS,2026-02-16,2700.0,2719.8,2671.0,2706.6,2918730,0.0053,2847.59,3040.62,48.8
TCS,2026-02-17,2716.0,2760.0,2695.2,2717.4,4209118,0.004,2815.56,3017.32,64.8
TCS,2026-02-18,2730.0,2730.0,2657.3,2694.9,2950820,-0.0083,2779.37,2995.0,72.7
TCS,2026-02-19,2708.0,2748.7,2666.6,2677.9,3238849,-0.0063,2735.56,2974.8,82.1
TCS,2026-02-20,2667.0,2702.6,2647.5,2686.2,2293482,0.0031,2703.61,2954.01,55.1
TCS,2026-02-23,2686.0,2704.0,2660.2,2676.3,4699596,-0.0037,2693.07,2931.44,43.8
TCS,2026-02-24,2641.0,2647.5,2561.3,2573.7,7798833,-0.0383,2676.14,2903.4,86.2
TCS,2026-02-25,2596.0,2654.2,2595.0,2629.3,3621285,0.0216,2665.1,2878.22,59.2
TCS,2026-02-26,2650.0,2671.0,2635.0,2647.7,3464267,0.007,2655.14,2851.92,36.0
TCS,2026-02-27,2681.6,2688.6,2626.1,2637.4,5083717,-0.0039,2646.93,2827.78,62.5
TCS,2026-03-02,2592.0,2623.8,2580.3,2613.5,3374385,-0.0091,2637.73,2803.47,43.5
TCS,2026-03-04,2625.0,2635.0,2580.4,2587.8,3446434,-0.0098,2623.67,2775.77,54.6
TCS,2026-03-05,2600.0,2609.5,2546.4,2578.8,2960636,-0.0035,2609.74,2744.98,63.1
TCS,2026-03-06,2572.0,2619.2,2553.6,2557.6,3998643,-0.0082,2607.44,2723.96,65.6
TCS,2026-03-09,2530.0,2560.0,2505.0,2527.4,3653428,-0.0118,2592.89,2701.86,55.0
TCS,2026-03-10,2541.0,2545.2,2490.1,2513.1,4323710,-0.0057,2573.66,2681.45,55.1
TCS,2026-03-11,2508.1,2521.0,2460.1,2464.9,2720664,-0.0192,2549.01,2658.44,60.9
TCS,2026-03-12,2459.8,2472.9,2436.0,2442.4,2752075,-0.0091,2524.57,2632.62,36.9
TCS,2026-03-13,2437.0,2445.9,2397.0,2410.5,2466488,-0.0131,2499.24,2608.84,48.9
TCS,2026-03-16,2410.0,2425.0,2366.1,2409.2,3807907,-0.0005,2475.01,2592.61,58.9
TCS,2026-03-17,2420.0,2420.0,2360.0,2391.7,2993367,-0.0073,2451.31,2578.3,60.0
TCS,2026-03-18,2410.0,2482.9,2410.0,2440.8,3082388,0.0205,2438.94,2565.64,72.9
TCS,2026-03-19,2417.0,2424.0,2350.2,2356.0,2757060,-0.0347,2416.5,2548.43,73.8
TCS,2026-03-20,2386.0,2407.8,2364.2,2390.6,4206320,0.0147,2405.89,2533.94,43.6
TCS,2026-03-23,2365.0,2406.8,2348.0,2383.8,3860515,-0.0028,2397.51,2519.94,58.8
TCS,2026-03-24,2404.1,2435.4,2379.1,2398.8,3420182,0.0063,2395.84,2506.25,56.3
TCS,2026-03-25,2400.9,2421.6,2369.8,2377.4,5843778,-0.0089,2391.3,2492.02,51.8
TCS,2026-03-27,2403.9,2422.1,2385.0,2389.8,4979411,0.0052,2391.03,2483.26,37.1
TCS,2026-03-30,2375.1,2398.0,2346.2,2358.9,6804756,-0.0129,2379.33,2470.39,51.8
