Ticker,Date,Open,High,Low,Close,Volume
INFY,2025-04-01,1495.0061979771754,1502.92196020728,1474.2212903040318,1482.6226806640625,12680733
INFY,2025-04-02,1491.0726643663595,1510.9349273715397,1491.0726643663595,1505.593017578125,6193478
INFY,2025-04-03,1490.538435185599,1490.538435185599,1442.3641486583924,1453.4849853515625,10459504
INFY,2025-04-04,1418.5197886514006,1429.6892358061361,1406.3790852223406,1409.9241943359375,9590254
INFY,2025-04-07,1313.1385736419368,1365.489314158466,1269.4320382766355,1356.602294921875,21715252
INFY,2025-04-08,1389.8677955834949,1414.6348317731379,1374.3276944448953,1387.7310791015625,12805001
INFY,2025-04-09,1364.663707842691,1368.9371407012397,1342.1791008495861,1363.3524169921875,8546854
INFY,2025-04-11,1370.6855647660782,1397.4437254302495,1356.893771609889,1368.937255859375,12567440
INFY,2025-04-15,1404.0480742507405,1406.087688754894,1368.5001176189407,1385.011474609375,10178530
INFY,2025-04-16,1384.0402738742662,1386.4684147056246,1356.6508927211694,1372.4822998046875,12022740
INFY,2025-04-17,1357.8162328834976,1388.7022289531085,1338.6825322481727,1378.6982421875,14264227
INFY,2025-04-21,1369.4714582615436,1429.4951483248678,1369.4714582615436,1409.29296875,15648970
INFY,2025-04-22,1398.6091260339042,1398.6091260339042,1378.5041672717928,1381.903564453125,9399738
INFY,2025-04-23,1404.4365301839098,1445.0350886470426,1398.2204665039803,1432.505859375,11136642
INFY,2025-04-24,1427.6496829084983,1440.2760150192205,1419.4911061400271,1429.1065673828125,7114292
INFY,2025-04-25,1433.0887071514799,1458.535575435,1421.4336312546193,1437.653564453125,8329979
INFY,2025-04-28,1437.6534907325017,1446.7833234291916,1423.1818670852326,1439.4989013671875,5886253
INFY,2025-04-29,1439.4019470928108,1466.4029217301106,1431.7289980215003,1454.4564208984375,8056743
INFY,2025-04-30,1453.7764926957282,1465.431568419441,1439.984581952398,1456.9815673828125,7704183
INFY,2025-05-02,1456.5930649551544,1479.4175886205041,1453.1936678135066,1463.586181640625,7402310
INFY,2025-05-05,1471.453369034679,1479.2234198282615,1459.6040889990923,1465.2373046875,4282493
INFY,2025-05-06,1462.7119235923028,1472.0359599506996,1456.0102317041706,1468.0538330078125,4270530
INFY,2025-05-07,1456.8844481471906,1475.1441139885928,1453.5821530190785,1464.9459228515625,5691799
INFY,2025-05-08,1464.654613791716,1472.9102929808603,1458.0500230157727,1467.9569091796875,8424409
INFY,2025-05-09,1457.5642989506216,1467.9568126185206,1451.1540310083215,1464.2659912109375,4478653
INFY,2025-05-12,1492.8209942326298,1585.0903465111594,1487.96471253376,1580.136962890625,11372857
INFY,2025-05-13,1562.7513505672503,1565.859323230766,1519.627548132014,1523.5125732421875,12846210
INFY,2025-05-14,1528.75740058924,1549.1537826809642,1524.3867472838704,1546.6285400390625,4870057
INFY,2025-05-15,1544.103254657481,1572.0753639006625,1525.8435894847285,1566.6363525390625,11151167
INFY,2025-05-16,1566.2479103864578,1566.2479103864578,1536.0418626920532,1544.200439453125,4576751
INFY,2025-05-19,1531.185508443418,1539.4411867318856,1510.9833306187809,1514.965576171875,8855798
INFY,2025-05-20,1524.8723866170074,1537.9843466293191,1513.2173110505078,1515.7425537109375,7143998
INFY,2025-05-21,1522.832797268108,1525.8436681268927,1507.4869000940212,1523.41552734375,4157309
INFY,2025-05-22,1510.7890929485561,1515.936798484799,1495.7346211126817,1503.01904296875,6158990
INFY,2025-05-23,1505.447258808557,1541.5779455953386,1505.447258808557,1519.8218994140625,5038421
INFY,2025-05-26,1521.5700705826603,1538.275749801986,1517.782147363295,1535.070556640625,3170102
INFY,2025-05-27,1534.487964353223,1537.401733466409,1511.6634396332652,1524.9696044921875,7775714
INFY,2025-05-28,1535.556238237006,1542.063608140773,1524.8724187426308,1526.6207275390625,3623370
INFY,2025-05-29,1543.3263431603168,1562.6543682753302,1531.2827406845122,1540.0240478515625,8609500
INFY,2025-05-30,1547.3124739974683,1548.297396005105,1531.652190030095,1539.1375732421875,13148092
INFY,2025-06-02,1536.4782943781508,1536.4782943781508,1515.7949327230604,1530.371826171875,4374509
INFY,2025-06-03,1535.4933708621093,1543.6682714095227,1512.4461724234918,1519.734619140625,6853403
INFY,2025-06-04,1519.7346010168856,1533.8190332918903,1518.158749909477,1527.8109130859375,4548307
INFY,2025-06-05,1524.5607331925255,1544.0621159555858,1518.3556767230737,1530.8642578125,6948539
INFY,2025-06-06,1531.2581829658582,1545.2441474823067,1519.8331118292815,1540.2210693359375,3960020
INFY,2025-06-09,1554.2069160448225,1564.0561360451065,1547.3124620446238,1549.183837890625,2903202
INFY,2025-06-10,1560.116482612782,1583.2621501262925,1553.7144894707471,1571.935546875,8591925
INFY,2025-06-11,1566.1244242034918,1609.9534525332194,1566.1244242034918,1606.5062255859375,10597410
INFY,2025-06-12,1592.6188275892266,1603.452969273507,1574.0037782857437,1584.345458984375,10483574
INFY,2025-06-13,1552.2369998927122,1584.7394243828517,1546.5244044661895,1577.844970703125,6968315
INFY,2025-06-16,1575.875214344727,1610.1505483486199,1573.01891647278,1599.31640625,5591842
INFY,2025-06-17,1596.2630097727385,1622.5604988569514,1591.2399317053334,1615.173583984375,7622083
INFY,2025-06-18,1596.5585788351507,1619.9011823893957,1596.5585788351507,1608.2791748046875,5629707
INFY,2025-06-19,1599.4148737815738,1605.4228739879738,1587.2018168292147,1593.997802734375,5147760
INFY,2025-06-20,1594.58871180959,1606.1122510729595,1584.6410236941556,1598.429931640625,9202821
INFY,2025-06-23,1576.8601291540897,1576.8601291540897,1551.6461498856431,1560.116455078125,7943676
INFY,2025-06-24,1576.860073737694,1584.739449496533,1552.827953627288,1557.7525634765625,8083992
INFY,2025-06-25,1566.025955644839,1595.4751470327865,1561.199813873949,1590.550537109375,7813533
INFY,2025-06-26,1584.5425210067874,1599.5132869304996,1582.3756205245834,1591.6339111328125,6519233
INFY,2025-06-27,1594.5886581952298,1605.0288069577266,1578.238977654369,1583.7545166015625,8912268
INFY,2025-06-30,1590.648993297183,1590.648993297183,1570.064099926214,1577.6480712890625,6294505
INFY,2025-07-01,1584.7395342639384,1593.308307768125,1576.3676970723639,1582.57275390625,4178937
INFY,2025-07-02,1593.6038341220215,1624.1364168524187,1579.2239966239758,1586.2169189453125,8653641
INFY,2025-07-03,1594.0962765801005,1607.786716594206,1590.6490495377586,1594.293212890625,5259695
INFY,2025-07-04,1600.4981989662078,1618.6207872342948,1587.9897380569496,1615.96142578125,4411273
INFY,2025-07-07,1615.2721260131761,1619.2118141254034,1598.5284515362102,1602.4681396484375,3294523
INFY,2025-07-08,1603.4529602070286,1621.378491891406,1597.0509674297891,1613.9915771484375,4590681
INFY,2025-07-09,1613.1052929685202,1613.3022292758048,1599.1193284889714,1609.0670166015625,4580828
INFY,2025-07-10,1614.1886858160015,1614.1886858160015,1582.868118202301,1591.43701171875,5330179
INFY,2025-07-11,1555.2902357933656,1582.8680505457567,1539.433016356687,1570.85205078125,11391755
INFY,2025-07-14,1567.7988696310574,1567.7988696310574,1536.2813659941348,1546.623046875,9173426
INFY,2025-07-15,1541.5013602388092,1579.4208563061295,1540.4179701114037,1561.6922607421875,7614807
INFY,2025-07-16,1555.1918577227598,1587.6942841349517,1554.6993967165145,1583.6561279296875,6223491
INFY,2025-07-17,1573.9053927711557,1585.7244570472844,1556.2752645133157,1559.6240234375,7374814
INFY,2025-07-18,1568.0942241264431,1575.1857343566385,1556.176692489401,1562.1846923828125,5161833
INFY,2025-07-21,1556.1767745731315,1565.041072656143,1543.1758521432762,1560.4119873046875,3682661
INFY,2025-07-22,1541.4029254290974,1561.889351060241,1541.4029254290974,1547.2139892578125,8473741
INFY,2025-07-23,1552.5325511946266,1567.897309898412,1526.629055261839,1550.7596435546875,8035026
INFY,2025-07-24,1556.1767861186595,1558.1466301517212,1524.8562179010848,1529.0914306640625,14169664
INFY,2025-07-25,1520.12860228797,1526.1366022975346,1488.512630894258,1492.84619140625,10851259
INFY,2025-07-28,1491.0734115180542,1496.392014262957,1460.14683725966,1493.1417236328125,6439855
INFY,2025-07-29,1490.0884773327002,1494.3235696797126,1473.5417400906863,1490.8763427734375,7070448
INFY,2025-07-30,1496.9830114866083,1498.7557989957106,1483.2925712781332,1496.0965576171875,5719051
INFY,2025-07-31,1486.936711768862,1504.0743788045277,1474.428250322285,1486.247314453125,6851407
INFY,2025-08-01,1471.3749358302919,1476.1024890867666,1443.4031282013243,1447.4412841796875,8702978
INFY,2025-08-04,1439.4634841975633,1460.4423706154291,1429.1218033326475,1458.177001953125,8610216
INFY,2025-08-05,1456.4040844682859,1456.4040844682859,1433.0614816224124,1438.2816162109375,10213323
INFY,2025-08-06,1430.1067078263497,1434.14486387826,1408.7339490588547,1415.037353515625,10566934
INFY,2025-08-07,1408.4383894942564,1420.2574529025999,1392.876574581379,1415.234375,9892020
INFY,2025-08-08,1403.5138318764698,1411.590144080286,1395.7329241309972,1401.6424560546875,10048009
INFY,2025-08-11,1398.4907470266712,1411.7871937906966,1392.6796832838538,1406.66552734375,6625368
INFY,2025-08-12,1406.6655976905836,1419.2726477892124,1399.5742071536924,1402.62744140625,9899184
INFY,2025-08-13,1403.5138705026145,1412.3781686321047,1400.953097311154,1405.0897216796875,10318063
INFY,2025-08-14,1404.6956380205245,1447.835267553816,1404.6956380205245,1425.8714599609375,12902347
INFY,2025-08-18,1442.6151494914589,1442.6151494914589,1408.0444126749926,1414.1510009765625,7254561
INFY,2025-08-19,1411.0977408332749,1427.5460108318366,1411.0977408332749,1418.2877197265625,3986094
INFY,2025-08-20,1418.9770874002822,1476.3980885005715,1418.9770874002822,1473.6402587890625,10413061
INFY,2025-08-21,1485.262351237006,1485.262351237006,1461.9197483180794,1473.8372802734375,6565539
INFY,2025-08-22,1475.5115598317454,1481.6181481033814,1463.6924963469764,1465.0714111328125,5543397
INFY,2025-08-25,1483.981859694785,1515.7948868943363,1483.981859694785,1508.9989013671875,10694531
INFY,2025-08-26,1500.03616013844,1515.2039825206518,1495.7024794249892,1506.53662109375,15994798
INFY,2025-08-28,1506.5366438633127,1506.5366438633127,1475.413133190423,1477.4814453125,5443364
INFY,2025-08-29,1479.254311487481,1479.254311487481,1445.5699084151588,1447.4412841796875,8169075
INFY,2025-09-01,1454.4343120627393,1480.7318023736236,1453.941851048263,1476.7921142578125,4546057
INFY,2025-09-02,1476.7920565936874,1489.9900353122632,1463.8896025641538,1476.1025390625,5218763
INFY,2025-09-03,1477.3829894013984,1479.2543652339205,1450.7900955921732,1456.798095703125,4623483
INFY,2025-09-04,1461.6242804276317,1461.6242804276317,1438.0846200594328,1440.94091796875,5787724
INFY,2025-09-05,1447.835279098319,1450.4945202945664,1411.3931666312185,1422.8182373046875,5466487
INFY,2025-09-08,1429.1218644887508,1436.0163186937275,1406.7641825159365,1411.2947998046875,3811567
INFY,2025-09-09,1458.6694341238242,1484.474341584966,1450.297597398603,1481.6181640625,13072640
INFY,2025-09-10,1487.330709756259,1511.756823802922,1486.5428442826578,1509.491455078125,7281071
INFY,2025-09-11,1500.922609577238,1504.4683046125388,1483.7849433052634,1486.9366455078125,8003662
INFY,2025-09-12,1513.8250582606502,1519.6361218926327,1498.1647749913177,1502.596923828125,12856963
INFY,2025-09-15,1502.5969824151846,1504.4683582651935,1478.5648615170796,1485.6563720703125,6167414
INFY,2025-09-16,1485.656397411633,1491.1719366717366,1480.8302554728903,1488.5126953125,8923112
INFY,2025-09-17,1494.028241371192,1503.680405062861,1491.1719434573272,1499.4453125,4795698
INFY,2025-09-18,1526.6291407021617,1531.5537508334592,1515.302537400178,1517.370849609375,9331945
INFY,2025-09-19,1521.3104874589542,1527.9095369547413,1497.179898612735,1516.976806640625,12988129
INFY,2025-09-22,1460.3437656419162,1491.8612688721596,1459.6543683506482,1476.8905029296875,15655204
INFY,2025-09-23,1470.4885054191882,1490.186944875574,1470.4885054191882,1474.920654296875,9832164
INFY,2025-09-24,1464.7758845360097,1474.1326431158677,1460.3437357350242,1472.0643310546875,4937004
INFY,2025-09-25,1466.5488557470633,1480.04223903444,1454.2373307659764,1462.4122314453125,9491867
INFY,2025-09-26,1452.7599061754568,1456.404069373631,1419.4694954878144,1427.053466796875,8597058
INFY,2025-09-29,1437.9860786678707,1442.9106885263222,1414.8404123331482,1420.060546875,10513117
INFY,2025-09-30,1421.2424051491353,1430.303639196793,1416.416263441906,1420.060546875,7556305
INFY,2025-10-01,1424.197180444367,1427.6444073679875,1405.877655696216,1424.000244140625,6250692
INFY,2025-10-03,1417.3027030735375,1426.4625254104503,1411.5901076030302,1424.7880859375,6877533
INFY,2025-10-06,1424.7881421800753,1456.5027027407555,1420.5530497148675,1453.744873046875,4630590
INFY,2025-10-07,1455.4191203786977,1460.5407866669368,1432.0765182081868,1436.5086669921875,5570320
INFY,2025-10-08,1435.0313384295307,1475.4131399913774,1433.061494450904,1472.4583740234375,4657192
INFY,2025-10-09,1479.352867871771,1491.171932062491,1464.5790376333712,1486.5428466796875,7028753
INFY,2025-10-10,1487.2322078030077,1498.755747016607,1476.2011295853695,1492.058349609375,3738353
INFY,2025-10-13,1474.4281763502415,1482.0120273618204,1461.0332617199265,1470.6854248046875,5859355
INFY,2025-10-14,1476.3980688327763,1491.5658915845438,1464.0865439092208,1467.435302734375,5600789
INFY,2025-10-15,1461.5258266826634,1466.1549121391147,1445.373081319078,1452.1690673828125,6986098
INFY,2025-10-16,1451.6765810210527,1452.267510183725,1438.478601982591,1449.312744140625,8005748
INFY,2025-10-17,1432.9630656678505,1436.410292725158,1412.3781714796953,1419.37109375,16959378
INFY,2025-10-20,1431.781048131079,1444.8805586841174,1428.136884861602,1438.87255859375,6994246
INFY,2025-10-21,1455.7147580634262,1463.5941342911037,1447.8353818357486,1450.19921875,1698704
INFY,2025-10-23,1487.2321904325627,1522.6893817276436,1483.292502510887,1505.4532470703125,20358624
INFY,2025-10-24,1516.2874003977408,1519.7346273554492,1495.111577657532,1502.4000244140625,8652257
INFY,2025-10-27,1510.0,1515.300048828125,1498.0999755859375,1504.5,7273211
INFY,2025-10-28,1499.699951171875,1506.5,1490.5,1500.199951171875,8211019
INFY,2025-10-29,1500.199951171875,1520.199951171875,1496.9000244140625,1510.4000244140625,4884976
INFY,2025-10-30,1507.0,1508.199951171875,1489.0999755859375,1493.800048828125,5608867
INFY,2025-10-31,1490.0,1497.0999755859375,1480.699951171875,1482.300048828125,4819814
INFY,2025-11-03,1482.300048828125,1491.4000244140625,1474.199951171875,1485.5,5470600
INFY,2025-11-04,1479.699951171875,1481.9000244140625,1462.9000244140625,1467.9000244140625,8691330
INFY,2025-11-06,1478.5999755859375,1483.0,1461.9000244140625,1466.699951171875,7944752
INFY,2025-11-07,1470.0,1480.9000244140625,1449.0999755859375,1476.800048828125,8765759
INFY,2025-11-10,1490.0999755859375,1520.0,1490.0,1513.5,9787975
INFY,2025-11-11,1525.0,1533.4000244140625,1511.0999755859375,1530.300048828125,13692989
INFY,2025-11-12,1540.0,1559.199951171875,1538.0999755859375,1551.699951171875,14635417
INFY,2025-11-13,1557.0999755859375,1557.5,1530.300048828125,1541.800048828125,19655689
INFY,2025-11-14,1520.0,1530.0,1488.800048828125,1502.800048828125,9739549
INFY,2025-11-17,1496.0,1510.199951171875,1492.5,1507.5999755859375,7910354
INFY,2025-11-18,1506.0,1506.0,1483.199951171875,1486.4000244140625,7525119
INFY,2025-11-19,1490.5,1543.0,1490.5,1541.0999755859375,10981126
INFY,2025-11-20,1555.0,1555.0,1534.0,1536.5,7387584
INFY,2025-11-21,1531.0,1551.5,1526.300048828125,1545.0,9186302
INFY,2025-11-24,1563.5999755859375,1585.0,1541.0,1548.0,19270381
INFY,2025-11-25,1549.0,1550.5999755859375,1525.9000244140625,1530.5999755859375,8107952
INFY,2025-11-26,1532.0999755859375,1560.300048828125,1532.0999755859375,1557.9000244140625,7575038
INFY,2025-11-27,1564.0,1574.300048828125,1552.199951171875,1566.4000244140625,7552252
INFY,2025-11-28,1565.0,1568.4000244140625,1557.0,1560.0999755859375,4453221
INFY,2025-12-01,1562.5,1574.0,1556.0,1564.0,5341800
INFY,2025-12-02,1567.0,1579.9000244140625,1556.0999755859375,1561.0,6335969
INFY,2025-12-03,1555.0999755859375,1586.0,1554.0999755859375,1578.699951171875,12895312
INFY,2025-12-04,1568.0,1599.0,1568.0,1597.5999755859375,12609619
INFY,2025-12-05,1610.0,1631.800048828125,1600.0,1616.199951171875,10344725
INFY,2025-12-08,1617.0999755859375,1630.0,1600.199951171875,1610.800048828125,7550413
INFY,2025-12-09,1601.199951171875,1606.9000244140625,1582.4000244140625,1599.0,6957599
INFY,2025-12-10,1608.0,1608.0,1582.800048828125,1584.800048828125,5116140
INFY,2025-12-11,1598.0,1607.4000244140625,1580.5,1598.0,5159319
INFY,2025-12-12,1601.4000244140625,1601.800048828125,1582.5999755859375,1598.199951171875,4633912
INFY,2025-12-15,1585.0,1610.800048828125,1585.0,1606.800048828125,4190558
INFY,2025-12-16,1600.0,1603.0,1585.5999755859375,1592.9000244140625,5499258
INFY,2025-12-17,1587.199951171875,1606.9000244140625,1586.0,1602.0,4817628
INFY,2025-12-18,1610.5,1630.0,1606.699951171875,1626.800048828125,6577293
INFY,2025-12-19,1650.0,1654.9000244140625,1629.800048828125,1638.699951171875,13149023
INFY,2025-12-22,1664.0,1693.199951171875,1664.0,1689.5999755859375,23098923
INFY,2025-12-23,1679.0,1679.0,1656.4000244140625,1668.300048828125,6593060
INFY,2025-12-24,1661.0,1667.5999755859375,1652.5,1663.4000244140625,4271167
INFY,2025-12-26,1663.4000244140625,1668.800048828125,1651.699951171875,1656.0999755859375,2006491
INFY,2025-12-29,1658.0,1673.0999755859375,1637.0999755859375,1644.699951171875,4062817
INFY,2025-12-30,1647.0,1647.9000244140625,1616.800048828125,1621.5999755859375,9395937
INFY,2025-12-31,1621.0,1628.5999755859375,1609.199951171875,1615.4000244140625,6538656
INFY,2026-01-01,1615.4000244140625,1639.5999755859375,1614.0999755859375,1629.800048828125,3658165
INFY,2026-01-02,1635.9000244140625,1643.5,1627.5,1640.4000244140625,2524526
INFY,2026-01-05,1637.0,1637.0,1583.0999755859375,1606.4000244140625,5917885
INFY,2026-01-06,1600.0999755859375,1619.9000244140625,1599.0,1612.199951171875,4466729
INFY,2026-01-07,1615.0,1642.0,1615.0,1639.0,4508079
INFY,2026-01-08,1638.9000244140625,1644.300048828125,1608.5999755859375,1613.300048828125,3942131
INFY,2026-01-09,1610.0,1631.300048828125,1607.0,1614.0999755859375,6816681
INFY,2026-01-12,1610.0999755859375,1613.300048828125,1592.5999755859375,1595.9000244140625,6985362
INFY,2026-01-13,1618.0,1618.0,1586.4000244140625,1599.0,8080618
INFY,2026-01-14,1588.0,1617.0,1583.0999755859375,1599.800048828125,7557157
INFY,2026-01-15,1599.800048828125,1599.800048828125,1599.800048828125,1599.800048828125,0
INFY,2026-01-16,1663.699951171875,1694.0,1653.4000244140625,1689.800048828125,19335957
INFY,2026-01-19,1685.0,1685.0,1666.5,1681.199951171875,5104958
INFY,2026-01-20,1673.0,1680.199951171875,1652.9000244140625,1658.9000244140625,6406503
INFY,2026-01-21,1651.0,1657.0,1631.199951171875,1654.4000244140625,6224582
INFY,2026-01-22,1666.0,1671.199951171875,1653.800048828125,1663.5,6228892
INFY,2026-01-23,1667.199951171875,1675.699951171875,1662.199951171875,1670.800048828125,5869137
INFY,2026-01-27,1685.800048828125,1689.4000244140625,1661.0999755859375,1682.699951171875,10673087
INFY,2026-01-28,1680.0,1688.800048828125,1650.0,1666.5,8588664
INFY,2026-01-29,1658.0,1666.5,1642.0999755859375,1659.5,4749582
INFY,2026-01-30,1655.0,1655.0,1618.0999755859375,1641.0,9207926
INFY,2026-02-02,1662.0,1662.0,1618.0,1629.4000244140625,6784887
INFY,2026-02-03,1727.199951171875,1728.0,1653.0,1656.0,8805868
INFY,2026-02-04,1574.0,1584.9000244140625,1510.0999755859375,1535.800048828125,28828622
INFY,2026-02-05,1534.0,1551.0,1515.699951171875,1520.199951171875,10628127
INFY,2026-02-06,1522.0999755859375,1525.0,1480.0,1507.0999755859375,13900866
INFY,2026-02-09,1522.0999755859375,1528.0,1493.0,1497.199951171875,8294615
INFY,2026-02-10,1500.0,1515.9000244140625,1491.0,1497.800048828125,8657000
INFY,2026-02-11,1501.199951171875,1505.9000244140625,1469.0,1471.9000244140625,7934411
INFY,2026-02-12,1428.9000244140625,1435.699951171875,1380.5,1386.0,26048896
INFY,2026-02-13,1293.9000244140625,1377.300048828125,1281.5,1369.0999755859375,45785709
INFY,2026-02-16,1373.699951171875,1376.0,1338.300048828125,1365.5999755859375,14621891
INFY,2026-02-17,1370.0,1431.0,1367.0,1391.199951171875,25347684
INFY,2026-02-18,1390.9000244140625,1401.0,1345.300048828125,1373.699951171875,20241373
INFY,2026-02-19,1385.0,1402.0,1363.199951171875,1370.5,14574228
INFY,2026-02-20,1359.199951171875,1365.0,1338.199951171875,1353.199951171875,12633552
INFY,2026-02-23,1352.0,1352.0,1318.0,1327.5,12887826
INFY,2026-02-24,1301.0,1303.5999755859375,1264.0999755859375,1275.5,27839061
INFY,2026-02-25,1286.199951171875,1323.5999755859375,1286.199951171875,1290.0999755859375,16669618
INFY,2026-02-26,1305.5,1314.0,1286.300048828125,1289.0999755859375,11493914
INFY,2026-02-27,1326.300048828125,1335.0,1294.199951171875,1300.0999755859375,23141724
INFY,2026-03-02,1291.0,1298.800048828125,1273.0,1288.9000244140625,9700361
INFY,2026-03-04,1292.0,1317.0,1292.0,1307.4000244140625,15154950
INFY,2026-03-05,1320.0,1320.0,1290.0999755859375,1305.800048828125,10362147
INFY,2026-03-06,1303.0,1327.199951171875,1303.0,1308.4000244140625,8724291
INFY,2026-03-09,1290.0,1318.0,1282.5,1315.0,10068514
INFY,2026-03-10,1320.0,1321.0,1284.0999755859375,1295.5999755859375,9600171
INFY,2026-03-11,1288.0,1299.5,1271.300048828125,1276.300048828125,7868891
INFY,2026-03-12,1272.5,1278.5999755859375,1258.0,1265.800048828125,7599940
INFY,2026-03-13,1251.0,1269.5999755859375,1242.5999755859375,1248.300048828125,7366098
INFY,2026-03-16,1240.199951171875,1254.300048828125,1224.199951171875,1249.800048828125,12314450
INFY,2026-03-17,1245.0,1245.0,1215.0999755859375,1232.9000244140625,11223276
INFY,2026-03-18,1238.0,1290.800048828125,1234.9000244140625,1267.0999755859375,12365381
INFY,2026-03-19,1244.199951171875,1255.0,1215.0999755859375,1220.800048828125,9156461
INFY,2026-03-20,1242.0,1264.800048828125,1229.199951171875,1255.9000244140625,27299975
INFY,2026-03-23,1238.199951171875,1261.0999755859375,1227.4000244140625,1256.800048828125,12420293
INFY,2026-03-24,1269.0,1297.0,1251.0,1278.300048828125,13613495
INFY,2026-03-25,1270.0,1290.5999755859375,1257.0999755859375,1279.0999755859375,10824030
INFY,2026-03-27,1285.199951171875,1294.800048828125,1263.199951171875,1269.699951171875,13092541
INFY,2026-03-30,1250.0,1265.5,1243.0,1250.5999755859375,14108486
RELIANCE,2025-04-01,1259.5693287834792,1272.8164693011493,1244.330265958221,1247.6170654296875,12099648
RELIANCE,2025-04-02,1242.5873186806543,1250.5554948342144,1238.9518139936486,1246.1729736328125,10142590
RELIANCE,2025-04-03,1228.145018441354,1246.8204315907722,1228.145018441354,1243.732666015625,7434366
RELIANCE,2025-04-04,1236.1628160172713,1240.4954871764826,1188.4036122186155,1199.9075927734375,17908652
RELIANCE,2025-04-07,1127.6960086529814,1166.590714623955,1110.415052053189,1161.062744140625,22156106
RELIANCE,2025-04-08,1167.3378163352843,1191.8399338970503,1158.6724733291408,1177.4971923828125,19555040
RELIANCE,2025-04-09,1164.8477193030515,1185.0670143686195,1163.3536863154889,1180.6346435546875,10223104
RELIANCE,2025-04-11,1190.3957018139643,1217.786306450343,1190.3957018139643,1214.1009521484375,11224242
RELIANCE,2025-04-15,1246.0235343416643,1246.0235343416643,1232.1788040875913,1235.1668701171875,13378535
RELIANCE,2025-04-16,1229.1907298200806,1235.9637280756608,1224.1110419207541,1234.3701171875,8248464
RELIANCE,2025-04-17,1235.266450081142,1275.1073305428426,1222.7165970526498,1269.4300537109375,15398401
RELIANCE,2025-04-21,1264.947875835223,1295.7249783909904,1261.9598099867933,1290.346435546875,10429964
RELIANCE,2025-04-22,1294.8286411452223,1298.713151385602,1281.1831879455033,1286.0635986328125,13051707
RELIANCE,2025-04-23,1291.840547250601,1300.8047453425481,1280.286716249035,1294.82861328125,10480888
RELIANCE,2025-04-24,1287.2588872304611,1299.3107293954529,1285.1672652984741,1296.4222412109375,10468940
RELIANCE,2025-04-25,1298.3146947064158,1319.928323767296,1282.9759313802824,1295.22705078125,14431012
RELIANCE,2025-04-28,1334.669497851195,1369.1318351951852,1314.9482133535364,1363.35498046875,31104496
RELIANCE,2025-04-29,1365.5461749701867,1405.2874774645995,1364.5501529607263,1394.1319580078125,32538970
RELIANCE,2025-04-30,1396.4228227174156,1406.7814756764847,1363.5540972183608,1399.410888671875,25480745
RELIANCE,2025-05-02,1408.3751233126775,1421.024554216323,1403.4945911426703,1414.152099609375,13007841
RELIANCE,2025-05-05,1425.3074680112338,1433.773654928142,1421.2238021682567,1425.6063232421875,12685649
RELIANCE,2025-05-06,1425.3074785225756,1426.3035005201455,1404.9886054552057,1415.2476806640625,14084117
RELIANCE,2025-05-07,1415.2476117092147,1418.733688530858,1397.1199392858432,1400.4068603515625,13440169
RELIANCE,2025-05-08,1398.51446598441,1415.1481063364454,1392.438756100913,1401.4029541015625,16106175
RELIANCE,2025-05-09,1379.9884666950659,1389.251519832932,1369.032224808638,1371.721435546875,13668904
RELIANCE,2025-05-12,1394.430721507353,1433.275577320772,1394.430721507353,1430.7855224609375,10674081
RELIANCE,2025-05-13,1427.7974767909468,1441.9409399606418,1406.7814377941193,1410.0682373046875,11407896
RELIANCE,2025-05-14,1414.3512435205853,1424.2118856620737,1409.8691445094285,1418.7337646484375,5570160
RELIANCE,2025-05-15,1419.3313670179805,1455.5865925696291,1407.0802476372012,1448.4151611328125,20177211
RELIANCE,2025-05-16,1447.4191020051853,1455.1881221330052,1441.542669553187,1450.6064453125,9036695
RELIANCE,2025-05-19,1446.3234565863577,1448.81351147394,1432.4787270944578,1435.0684814453125,6195791
RELIANCE,2025-05-20,1432.4787356808251,1439.2517336495314,1416.1440727881434,1418.932861328125,11270560
RELIANCE,2025-05-21,1418.235682967954,1430.486680037078,1412.458707007589,1423.5145263671875,6136364
RELIANCE,2025-05-22,1415.5464438973825,1418.1361984129633,1391.3431818014155,1403.79345703125,12134466
RELIANCE,2025-05-23,1401.0045498118507,1428.0964217220903,1401.0045498118507,1421.124267578125,6474883
RELIANCE,2025-05-26,1426.3034970063507,1435.2676949623963,1419.430920923106,1429.0924072265625,4842944
RELIANCE,2025-05-27,1420.4269591196573,1431.2836233071982,1408.275539274527,1416.44287109375,12640414
RELIANCE,2025-05-28,1414.4508509493858,1416.9409060075968,1405.0882196135674,1407.279541015625,5944611
RELIANCE,2025-05-29,1406.4826358531975,1414.3512339364067,1402.996558868143,1412.1600341796875,13771917
RELIANCE,2025-05-30,1412.3591925541664,1424.9090454066043,1404.0921613404494,1415.2476806640625,13788484
RELIANCE,2025-06-02,1406.4826830156508,1411.8612262898896,1390.0483195350275,1408.0762939453125,8098668
RELIANCE,2025-06-03,1416.6421539546416,1420.8253977642241,1397.8173136420837,1399.908935546875,11252626
RELIANCE,2025-06-04,1409.0722382665938,1420.0284799827916,1400.506473605418,1417.8372802734375,8126827
RELIANCE,2025-06-05,1422.3193687346825,1448.913106617055,1417.9368477633755,1436.662109375,13716817
RELIANCE,2025-06-06,1435.2676355449807,1445.7258660607492,1431.28354772945,1437.7576904296875,8182161
RELIANCE,2025-06-09,1451.204075048637,1451.70208605586,1439.5506661134996,1443.0367431640625,7885125
RELIANCE,2025-06-10,1444.2318404180787,1448.1163503747662,1430.2875329933524,1432.777587890625,7913181
RELIANCE,2025-06-11,1440.0485867347081,1462.7578142878924,1437.3592545136698,1443.13623046875,8195700
RELIANCE,2025-06-12,1447.7179200254843,1451.2039968882907,1428.6939248911115,1435.865234375,8828114
RELIANCE,2025-06-13,1418.335338487147,1429.7895915718395,1408.6739736495979,1422.2198486328125,9757276
RELIANCE,2025-06-16,1421.223780491138,1436.6621211041454,1418.7337255535563,1432.0804443359375,8458093
RELIANCE,2025-06-17,1442.2398094911548,1442.2398094911548,1420.12817043809,1425.506591796875,10366599
RELIANCE,2025-06-18,1424.3114328610282,1437.0605628519918,1420.028489708749,1424.4110107421875,6681735
RELIANCE,2025-06-19,1424.4110453044384,1434.1721095891817,1420.0285241646616,1427.598388671875,10007230
RELIANCE,2025-06-20,1425.3075053013417,1465.148385952672,1422.4190171371765,1460.367431640625,29010635
RELIANCE,2025-06-23,1447.2199506188397,1457.9770367383994,1436.2637087352834,1451.0048828125,5989078
RELIANCE,2025-06-24,1459.1721495093714,1469.1323689599471,1437.359244595668,1445.0286865234375,16402744
RELIANCE,2025-06-25,1458.1762135192969,1466.5428226679085,1454.690136506102,1461.463134765625,7525851
RELIANCE,2025-06-26,1463.2558362824063,1492.8377614283193,1459.2717484446844,1489.3516845703125,14657893
RELIANCE,2025-06-27,1493.4353527246628,1515.9454247275912,1490.9452978220222,1509.3717041015625,11117052
RELIANCE,2025-06-30,1507.7781788170053,1518.734421010171,1490.0489382705405,1494.630615234375,8409527
RELIANCE,2025-07-01,1494.630607775488,1525.3081343971446,1494.132596769193,1522.320068359375,10368523
RELIANCE,2025-07-02,1522.3200879079554,1523.9136988316197,1502.6983810571346,1512.75830078125,6361002
RELIANCE,2025-07-03,1514.7502729656235,1525.8060926058627,1506.9812529023668,1511.76220703125,11283291
RELIANCE,2025-07-04,1517.9375659885409,1523.913698138102,1511.1645675851503,1521.2244873046875,6603501
RELIANCE,2025-07-07,1520.5271677380254,1538.65484117058,1518.933556847784,1535.367919921875,7251074
RELIANCE,2025-07-08,1529.8897875590692,1538.7544076502807,1524.1128113419518,1531.4833984375,7171261
RELIANCE,2025-07-09,1530.586937987722,1544.8301010282516,1504.0927774643353,1512.9573974609375,8870660
RELIANCE,2025-07-10,1513.654605815878,1518.6347158851345,1501.5031858807802,1511.16455078125,10047129
RELIANCE,2025-07-11,1505.9852937598653,1508.9733598189127,1484.3716645666439,1489.2520751953125,7234991
RELIANCE,2025-07-14,1486.263916129696,1494.0329360309418,1473.2160528053016,1477.7977294921875,10311846
RELIANCE,2025-07-15,1480.2878335086834,1490.5469086437597,1476.503022895967,1479.4910888671875,8132454
RELIANCE,2025-07-16,1467.1403332858122,1485.068728397248,1465.6463003598592,1479.690185546875,10409983
RELIANCE,2025-07-17,1481.4830970988435,1483.674296790977,1468.0368005528198,1470.52685546875,11854613
RELIANCE,2025-07-18,1478.8934598804974,1478.8934598804974,1463.2558421043927,1470.12841796875,10296318
RELIANCE,2025-07-21,1459.1722169809668,1470.128458883213,1417.4388712363768,1422.9169921875,22442744
RELIANCE,2025-07-22,1421.721828538219,1426.2039275426996,1405.0881881707605,1407.179931640625,20396320
RELIANCE,2025-07-23,1420.3273163904719,1420.3273163904719,1408.7734859597779,1418.932861328125,8354596
RELIANCE,2025-07-24,1413.554298653669,1417.3392306864348,1390.4466381154343,1397.3192138671875,14740507
RELIANCE,2025-07-25,1393.3351272649268,1395.4267490386208,1378.593953801798,1386.1636962890625,11854722
RELIANCE,2025-07-28,1386.7614543919697,1402.199795115413,1379.490445288333,1382.080078125,7748361
RELIANCE,2025-07-29,1377.4984422704579,1414.550412474214,1377.4984422704579,1411.4627685546875,10750072
RELIANCE,2025-07-30,1412.458776601272,1417.6381639620695,1395.7256799199,1404.4906005859375,7209849
RELIANCE,2025-07-31,1382.5780559389787,1397.0203743336986,1376.7015020683227,1384.669677734375,17065827
RELIANCE,2025-08-01,1381.3828853186424,1400.3073026227253,1378.7932525308158,1388.15576171875,10321171
RELIANCE,2025-08-04,1389.5502251510159,1410.466686507784,1386.1637261382157,1405.885009765625,6312820
RELIANCE,2025-08-05,1405.38696851784,1405.38696851784,1382.5780415934858,1386.1636962890625,9315972
RELIANCE,2025-08-06,1386.3630773472378,1390.3471654369864,1377.797312271222,1387.259521484375,5834312
RELIANCE,2025-08-07,1382.1796145349972,1388.1557462486337,1360.5659868045632,1383.8729248046875,9976705
RELIANCE,2025-08-08,1379.4904158119157,1391.6418351007062,1359.569976594415,1362.35888671875,8793606
RELIANCE,2025-08-11,1364.5501609316866,1382.4785572067015,1355.7851185633474,1380.6856689453125,9997486
RELIANCE,2025-08-12,1376.4028464986861,1396.3232867936674,1369.7294260490362,1374.9088134765625,12244664
RELIANCE,2025-08-13,1382.4785186353236,1386.2634508216695,1372.0202877666845,1377.0999755859375,7457021
RELIANCE,2025-08-14,1377.300048828125,1380.699951171875,1370.0999755859375,1373.800048828125,7126128
RELIANCE,2025-08-18,1390.0,1394.9000244140625,1377.0,1381.699951171875,11785109
RELIANCE,2025-08-19,1390.0,1421.0,1389.0999755859375,1420.0999755859375,14384719
RELIANCE,2025-08-20,1413.0,1424.9000244140625,1410.0,1413.0,8725641
RELIANCE,2025-08-21,1425.0,1431.9000244140625,1420.300048828125,1424.800048828125,11021323
RELIANCE,2025-08-22,1420.0,1423.4000244140625,1407.9000244140625,1409.199951171875,5818868
RELIANCE,2025-08-25,1414.699951171875,1419.5,1405.699951171875,1412.5999755859375,5979407
RELIANCE,2025-08-26,1408.0,1410.0,1381.5999755859375,1384.9000244140625,12145259
RELIANCE,2025-08-28,1389.9000244140625,1392.199951171875,1366.5,1385.9000244140625,13161813
RELIANCE,2025-08-29,1381.0999755859375,1403.5,1350.0,1357.199951171875,18758842
RELIANCE,2025-09-01,1356.0,1363.199951171875,1340.5999755859375,1353.9000244140625,11232238
RELIANCE,2025-09-02,1354.800048828125,1384.5,1354.5,1366.5,11517006
RELIANCE,2025-09-03,1369.699951171875,1376.5,1360.5,1372.5999755859375,7847563
RELIANCE,2025-09-04,1371.800048828125,1374.0,1357.0999755859375,1359.300048828125,13223177
RELIANCE,2025-09-05,1363.0,1381.0,1359.300048828125,1375.0,5777575
RELIANCE,2025-09-08,1380.0,1386.0,1372.4000244140625,1378.5,6986720
RELIANCE,2025-09-09,1376.5999755859375,1381.199951171875,1368.699951171875,1376.199951171875,9754452
RELIANCE,2025-09-10,1383.9000244140625,1388.5,1374.0999755859375,1377.0,7790815
RELIANCE,2025-09-11,1376.0,1385.5,1375.0,1383.300048828125,9766072
RELIANCE,2025-09-12,1383.300048828125,1396.300048828125,1380.5,1395.0,7403368
RELIANCE,2025-09-15,1393.0,1400.800048828125,1388.5999755859375,1399.300048828125,5396697
RELIANCE,2025-09-16,1404.699951171875,1408.0,1398.199951171875,1405.300048828125,8686961
RELIANCE,2025-09-17,1407.0,1416.199951171875,1406.9000244140625,1413.800048828125,7519417
RELIANCE,2025-09-18,1420.4000244140625,1422.0,1410.699951171875,1415.0,9332642
RELIANCE,2025-09-19,1414.9000244140625,1417.0,1403.5999755859375,1407.4000244140625,13461373
RELIANCE,2025-09-22,1403.9000244140625,1410.699951171875,1388.0,1390.5999755859375,7757970
RELIANCE,2025-09-23,1391.0,1395.0,1376.800048828125,1389.800048828125,14014702
RELIANCE,2025-09-24,1385.300048828125,1396.0,1380.4000244140625,1383.0,5922759
RELIANCE,2025-09-25,1381.300048828125,1384.5,1369.0,1372.4000244140625,11411143
RELIANCE,2025-09-26,1372.0,1382.699951171875,1366.0,1377.5999755859375,9879109
RELIANCE,2025-09-29,1381.5999755859375,1389.0,1368.0,1372.800048828125,14231999
RELIANCE,2025-09-30,1377.0999755859375,1377.0999755859375,1362.800048828125,1364.0,14604684
RELIANCE,2025-10-01,1367.0,1378.5999755859375,1362.699951171875,1368.699951171875,12045916
RELIANCE,2025-10-03,1363.199951171875,1371.5999755859375,1356.9000244140625,1363.4000244140625,12842347
RELIANCE,2025-10-06,1360.0,1377.4000244140625,1359.0,1375.0,12396580
RELIANCE,2025-10-07,1376.0,1395.9000244140625,1375.9000244140625,1384.800048828125,11244040
RELIANCE,2025-10-08,1384.800048828125,1389.0,1364.5,1367.4000244140625,8525081
RELIANCE,2025-10-09,1374.0,1380.0,1369.0999755859375,1377.800048828125,8826633
RELIANCE,2025-10-10,1377.800048828125,1388.0,1375.0999755859375,1381.699951171875,6373084
RELIANCE,2025-10-13,1376.9000244140625,1377.699951171875,1367.800048828125,1375.0,7600682
RELIANCE,2025-10-14,1380.0,1388.0,1370.0999755859375,1375.9000244140625,9768174
RELIANCE,2025-10-15,1383.0,1384.0,1372.699951171875,1374.300048828125,10882743
RELIANCE,2025-10-16,1375.0999755859375,1400.5,1375.0,1398.300048828125,12315932
RELIANCE,2025-10-17,1401.0,1423.300048828125,1399.0999755859375,1416.800048828125,19335561
RELIANCE,2025-10-20,1440.0,1473.800048828125,1433.300048828125,1466.800048828125,24721978
RELIANCE,2025-10-21,1468.0,1474.0,1460.0,1465.199951171875,2066169
RELIANCE,2025-10-23,1475.0,1482.9000244140625,1444.5999755859375,1448.4000244140625,18707090
RELIANCE,2025-10-24,1450.0,1459.800048828125,1441.0,1451.5999755859375,9700837
RELIANCE,2025-10-27,1463.0,1485.0,1458.0,1484.0999755859375,14113867
RELIANCE,2025-10-28,1484.0999755859375,1492.0,1477.5999755859375,1486.9000244140625,17631577
RELIANCE,2025-10-29,1490.0,1508.300048828125,1488.0999755859375,1504.199951171875,11884745
RELIANCE,2025-10-30,1500.0,1503.0999755859375,1484.0,1488.5,9318663
RELIANCE,2025-10-31,1490.4000244140625,1497.5,1482.300048828125,1486.4000244140625,8758053
RELIANCE,2025-11-03,1486.0,1495.0,1479.300048828125,1484.699951171875,8452085
RELIANCE,2025-11-04,1483.9000244140625,1492.800048828125,1470.0999755859375,1473.0999755859375,10007806
RELIANCE,2025-11-06,1484.0,1501.5999755859375,1476.199951171875,1496.0999755859375,16772678
RELIANCE,2025-11-07,1494.5999755859375,1498.4000244140625,1475.9000244140625,1478.0,7821765
RELIANCE,2025-11-10,1477.9000244140625,1501.0,1475.5,1489.300048828125,7068438
RELIANCE,2025-11-11,1497.0,1498.800048828125,1480.199951171875,1493.4000244140625,7127506
RELIANCE,2025-11-12,1505.0,1524.699951171875,1500.0,1511.5,12384459
RELIANCE,2025-11-13,1515.0,1522.0999755859375,1506.800048828125,1510.9000244140625,7196443
RELIANCE,2025-11-14,1505.5,1520.9000244140625,1505.5,1518.9000244140625,7682823
RELIANCE,2025-11-17,1520.9000244140625,1523.699951171875,1511.5,1518.300048828125,5871416
RELIANCE,2025-11-18,1521.699951171875,1527.800048828125,1510.5,1519.4000244140625,11045042
RELIANCE,2025-11-19,1517.4000244140625,1522.300048828125,1512.0,1518.9000244140625,5692366
RELIANCE,2025-11-20,1530.0,1550.9000244140625,1526.699951171875,1549.0999755859375,18171724
RELIANCE,2025-11-21,1541.0,1557.800048828125,1540.0999755859375,1546.5999755859375,9615271
RELIANCE,2025-11-24,1550.0,1550.0,1531.800048828125,1535.9000244140625,18433951
RELIANCE,2025-11-25,1535.9000244140625,1559.5999755859375,1525.0999755859375,1539.699951171875,15033482
RELIANCE,2025-11-26,1542.300048828125,1571.5999755859375,1540.5,1569.9000244140625,14054299
RELIANCE,2025-11-27,1575.0,1575.5,1556.0,1563.4000244140625,9794643
RELIANCE,2025-11-28,1568.0,1581.300048828125,1563.0,1567.5,8959508
RELIANCE,2025-12-01,1575.0,1577.5,1563.5999755859375,1566.0999755859375,8920233
RELIANCE,2025-12-02,1561.0999755859375,1567.5,1542.0,1546.300048828125,11389150
RELIANCE,2025-12-03,1545.199951171875,1552.4000244140625,1533.0,1538.800048828125,6090883
RELIANCE,2025-12-04,1536.0,1560.5,1517.5999755859375,1535.5999755859375,11867930
RELIANCE,2025-12-05,1530.4000244140625,1545.800048828125,1520.5999755859375,1540.5999755859375,10183266
RELIANCE,2025-12-08,1539.199951171875,1551.0,1535.0,1543.0,11301491
RELIANCE,2025-12-09,1540.300048828125,1542.5,1520.0999755859375,1529.4000244140625,11503971
RELIANCE,2025-12-10,1534.0,1547.5,1531.4000244140625,1536.9000244140625,7991629
RELIANCE,2025-12-11,1536.9000244140625,1550.0,1524.0,1545.0,4706197
RELIANCE,2025-12-12,1550.800048828125,1559.800048828125,1546.0999755859375,1556.5,5106655
RELIANCE,2025-12-15,1551.199951171875,1558.5999755859375,1546.5,1556.199951171875,5774543
RELIANCE,2025-12-16,1545.0,1551.699951171875,1538.800048828125,1542.300048828125,11731856
RELIANCE,2025-12-17,1550.0,1550.0,1539.300048828125,1544.4000244140625,7116649
RELIANCE,2025-12-18,1535.199951171875,1551.5,1535.199951171875,1544.4000244140625,6580829
RELIANCE,2025-12-19,1554.4000244140625,1574.199951171875,1551.0,1565.0999755859375,13937275
RELIANCE,2025-12-22,1573.5,1577.5,1565.300048828125,1575.4000244140625,10184852
RELIANCE,2025-12-23,1580.9000244140625,1580.9000244140625,1568.0999755859375,1570.699951171875,7506564
RELIANCE,2025-12-24,1572.699951171875,1575.699951171875,1553.5999755859375,1558.199951171875,8815745
RELIANCE,2025-12-26,1554.699951171875,1561.0,1554.300048828125,1559.199951171875,2311495
RELIANCE,2025-12-29,1554.9000244140625,1558.0999755859375,1543.5999755859375,1545.5999755859375,5972105
RELIANCE,2025-12-30,1547.0,1553.5999755859375,1537.800048828125,1539.800048828125,8815884
RELIANCE,2025-12-31,1541.0,1577.0,1541.0,1570.4000244140625,5771830
RELIANCE,2026-01-01,1573.699951171875,1592.5,1571.0999755859375,1575.5999755859375,6408128
RELIANCE,2026-01-02,1580.0,1594.5999755859375,1578.199951171875,1592.300048828125,6602230
RELIANCE,2026-01-05,1593.0,1611.800048828125,1575.300048828125,1578.0999755859375,8704973
RELIANCE,2026-01-06,1569.0,1569.0,1496.300048828125,1507.5999755859375,27417125
RELIANCE,2026-01-07,1510.0,1520.0,1498.0,1504.199951171875,11199340
RELIANCE,2026-01-08,1500.0,1503.9000244140625,1468.800048828125,1470.5999755859375,16518684
RELIANCE,2026-01-09,1465.0,1479.9000244140625,1465.0,1475.300048828125,8335311
RELIANCE,2026-01-12,1475.300048828125,1485.300048828125,1451.0,1483.199951171875,8883745
RELIANCE,2026-01-13,1485.0,1485.800048828125,1444.699951171875,1452.800048828125,13499760
RELIANCE,2026-01-14,1444.0,1467.0,1440.199951171875,1458.800048828125,8321764
RELIANCE,2026-01-15,1458.800048828125,1458.800048828125,1458.800048828125,1458.800048828125,0
RELIANCE,2026-01-16,1458.800048828125,1480.0,1455.0999755859375,1457.9000244140625,17167161
RELIANCE,2026-01-19,1450.5999755859375,1450.5999755859375,1403.300048828125,1413.5999755859375,20392765
RELIANCE,2026-01-20,1410.699951171875,1416.0,1390.0,1394.0,13189498
RELIANCE,2026-01-21,1389.5,1412.9000244140625,1373.0,1404.5999755859375,17352720
RELIANCE,2026-01-22,1410.0999755859375,1419.5,1395.0,1402.5,15721693
RELIANCE,2026-01-23,1401.800048828125,1407.0,1381.0,1386.0999755859375,9837802
RELIANCE,2026-01-27,1380.0,1391.5999755859375,1368.0,1380.5,26302396
RELIANCE,2026-01-28,1385.0,1409.9000244140625,1384.9000244140625,1396.699951171875,11121657
RELIANCE,2026-01-29,1402.9000244140625,1402.9000244140625,1384.0,1391.0,20846683
RELIANCE,2026-01-30,1382.5999755859375,1398.0,1378.5,1395.4000244140625,11239835
RELIANCE,2026-02-02,1340.0,1392.9000244140625,1335.5,1390.4000244140625,15711165
RELIANCE,2026-02-03,1473.9000244140625,1489.5,1430.199951171875,1437.0999755859375,25456171
RELIANCE,2026-02-04,1444.0,1464.0,1440.300048828125,1456.800048828125,8333387
RELIANCE,2026-02-05,1457.0,1461.5,1439.5,1443.4000244140625,11763658
RELIANCE,2026-02-06,1441.5,1452.800048828125,1433.5,1450.800048828125,8277304
RELIANCE,2026-02-09,1458.0,1465.9000244140625,1453.0,1461.5999755859375,5775864
RELIANCE,2026-02-10,1471.0,1471.0,1452.199951171875,1458.5,10259630
RELIANCE,2026-02-11,1459.5999755859375,1470.0,1453.5999755859375,1468.699951171875,7106877
RELIANCE,2026-02-12,1470.0,1473.0,1445.5,1448.9000244140625,11135399
RELIANCE,2026-02-13,1445.5,1450.699951171875,1416.300048828125,1419.5999755859375,10755693
RELIANCE,2026-02-16,1420.0999755859375,1439.5999755859375,1409.300048828125,1437.0999755859375,5896514
RELIANCE,2026-02-17,1431.0999755859375,1431.800048828125,1418.5999755859375,1423.0,10731630
RELIANCE,2026-02-18,1427.0,1442.0999755859375,1419.199951171875,1441.300048828125,5521096
RELIANCE,2026-02-19,1443.0,1443.0,1400.0,1409.5,11884664
RELIANCE,2026-02-20,1409.5,1427.4000244140625,1406.0999755859375,1419.4000244140625,8177670
RELIANCE,2026-02-23,1425.0,1434.9000244140625,1418.300048828125,1428.0,7758856
RELIANCE,2026-02-24,1425.300048828125,1433.300048828125,1415.0,1428.800048828125,12529409
RELIANCE,2026-02-25,1435.0,1440.5,1393.5,1398.5,10728792
RELIANCE,2026-02-26,1398.5,1412.9000244140625,1391.9000244140625,1406.800048828125,16683858
RELIANCE,2026-02-27,1398.0,1410.4000244140625,1388.0999755859375,1393.9000244140625,12031440
RELIANCE,2026-03-02,1375.5,1378.5999755859375,1341.5,1358.0,23728722
RELIANCE,2026-03-04,1330.0,1352.800048828125,1307.0,1345.0,32495007
RELIANCE,2026-03-05,1353.0999755859375,1399.0,1353.0999755859375,1389.4000244140625,25957532
RELIANCE,2026-03-06,1396.5,1424.300048828125,1390.300048828125,1404.800048828125,19311971
RELIANCE,2026-03-09,1375.0,1429.4000244140625,1370.0,1424.0,24870822
RELIANCE,2026-03-10,1430.5999755859375,1431.5,1400.5999755859375,1408.800048828125,18071259
RELIANCE,2026-03-11,1424.9000244140625,1434.0,1383.5999755859375,1390.199951171875,21848087
RELIANCE,2026-03-12,1390.0,1410.9000244140625,1381.0999755859375,1392.199951171875,20939959
RELIANCE,2026-03-13,1385.199951171875,1400.800048828125,1378.4000244140625,1380.699951171875,17265090
RELIANCE,2026-03-16,1380.0,1397.300048828125,1363.5,1395.0999755859375,22837802
RELIANCE,2026-03-17,1399.0,1405.9000244140625,1388.199951171875,1397.5999755859375,19007744
RELIANCE,2026-03-18,1397.199951171875,1412.9000244140625,1397.199951171875,1408.0999755859375,9559327
RELIANCE,2026-03-19,1388.0,1415.699951171875,1376.0999755859375,1384.800048828125,16498373
RELIANCE,2026-03-20,1398.0,1430.0,1396.0999755859375,1414.4000244140625,22994918
RELIANCE,2026-03-23,1400.0,1415.5999755859375,1391.0,1407.800048828125,18979554
RELIANCE,2026-03-24,1420.0,1422.4000244140625,1406.5999755859375,1411.800048828125,18620893
RELIANCE,2026-03-25,1420.0,1430.5,1408.4000244140625,1413.0999755859375,19041331
RELIANCE,2026-03-27,1401.0,1404.699951171875,1345.0,1348.0999755859375,23266517
RELIANCE,2026-03-30,1335.0,1365.0,1334.0999755859375,1343.9000244140625,24393861
TCS,2025-04-01,3453.354619757771,3464.2771927018816,3407.248075969345,3432.186279296875,2618493
TCS,2025-04-02,3425.6138066504323,3445.0424669343693,3412.129849162714,3425.5654296875,1764313
TCS,2025-04-03,3374.3842427691143,3385.0167912281404,3282.702582798802,3289.46875,4537821
TCS,2025-04-04,3250.2735845869393,3286.0857531447828,3185.414942880682,3189.1845703125,5317367
TCS,2025-04-07,2996.4454369330797,3181.4516833870694,2953.963620596823,3164.681396484375,6623955
TCS,2025-04-08,3191.7460628104113,3237.127665022999,3146.5577324611054,3182.949951171875,5557558
TCS,2025-04-09,3151.6321497293247,3160.76642752928,3104.752280697163,3138.148193359375,2990265
TCS,2025-04-11,3179.663390613554,3188.7492913945475,3098.904311833949,3123.552490234375,7108961
TCS,2025-04-15,3203.683386247662,3203.683386247662,3130.415650876791,3139.69482421875,3512160
TCS,2025-04-16,3139.6947635283577,3168.596104196088,3121.136181217996,3164.439697265625,2384391
TCS,2025-04-17,3137.085076745666,3193.2443586174536,3110.50370573642,3188.701171875,2932346
TCS,2025-04-21,3180.195072407739,3241.960413439671,3174.3955010062373,3210.642822265625,2432946
TCS,2025-04-22,3211.6096198122023,3222.531957851611,3184.931495290658,3203.683349609375,2710498
TCS,2025-04-23,3252.593171873855,3306.625754540036,3225.818529364827,3298.98974609375,3543923
TCS,2025-04-24,3287.4874054696716,3298.5064976170884,3274.5348867157572,3287.970703125,2252175
TCS,2025-04-25,3305.7558885472554,3361.625143451318,3291.256959211522,3332.820556640625,2742991
TCS,2025-04-28,3320.2546435993536,3342.2930622298845,3291.2567864500143,3328.470703125,1593296
TCS,2025-04-29,3339.586779424834,3378.250591632357,3315.808440523134,3356.502197265625,1578332
TCS,2025-04-30,3356.0188189819924,3392.65268577439,3253.5597190937174,3338.330078125,2809332
TCS,2025-05-02,3356.0188344779217,3374.867442563267,3305.755879583667,3316.388427734375,1721761
TCS,2025-05-05,3334.7537493074506,3387.4331925936117,3331.2739118706236,3338.91015625,1284443
TCS,2025-05-06,3344.419677734375,3356.9854164079434,3322.1879862349847,3344.419677734375,1324763
TCS,2025-05-07,3306.335750758935,3343.9362109554654,3306.335750758935,3330.017333984375,1477128
TCS,2025-05-08,3332.820588313161,3360.851851961966,3314.1652518601954,3333.6904296875,2543591
TCS,2025-05-09,3285.457254527544,3331.0805031274213,3284.5874131966707,3325.377685546875,2531757
TCS,2025-05-12,3387.9166622272146,3509.224377237062,3385.2101480817496,3499.461669921875,2228678
TCS,2025-05-13,3499.461570957545,3501.9748131612287,3393.232840630001,3397.58251953125,3062887
TCS,2025-05-14,3403.3820953219624,3442.0459078220697,3391.396407841002,3430.15673828125,2119499
TCS,2025-05-15,3444.9459251585763,3479.743358746037,3396.7129102189265,3460.314697265625,3548330
TCS,2025-05-16,3473.8465567565913,3473.8465567565913,3427.6434928317944,3442.335693359375,1666727
TCS,2025-05-19,3431.413341631395,3431.413341631395,3386.659931697025,3401.255615234375,2537377
TCS,2025-05-20,3413.82137266364,3439.1461226598826,3377.2840226457647,3381.4404296875,2038374
TCS,2025-05-21,3390.8162851170264,3418.8475485914832,3381.4403579795026,3408.021728515625,1440153
TCS,2025-05-22,3378.2502763697153,3380.956790168703,3336.0101126719387,3360.8515625,2034383
TCS,2025-05-23,3360.851724551366,3416.9142497236344,3349.8326329632987,3397.19580078125,1274331
TCS,2025-05-26,3403.3819012793415,3426.5801874567637,3392.8461073678304,3419.137451171875,967470
TCS,2025-05-27,3414.0148212139343,3421.747584115891,3366.7484023698016,3381.8271484375,2467680
TCS,2025-05-28,3402.4154740639756,3411.114831810162,3376.317400825417,3380.8603515625,1222933
TCS,2025-05-29,3387.626457620242,3414.4978538154573,3370.034470581059,3381.2470703125,3188072
TCS,2025-05-30,3373.417829977909,3389.5599254056924,3337.7505553386973,3347.706298828125,3404365
TCS,2025-06-02,3334.7538187399196,3344.4197718377163,3304.4028204069105,3334.560546875,1877585
TCS,2025-06-03,3330.887082808426,3357.4684509968274,3286.907000896707,3291.449951171875,2848125
TCS,2025-06-04,3304.907652247958,3310.563782597761,3286.3791053631217,3297.008544921875,2544807
TCS,2025-06-05,3324.4113841471617,3324.4113841471617,3280.235380032571,3287.451904296875,3584683
TCS,2025-06-06,3287.4520036268846,3306.7605099618336,3275.359545608902,3300.226806640625,2070390
TCS,2025-06-09,3315.634960419095,3348.791310023286,3306.760665733127,3336.991455078125,1718678
TCS,2025-06-10,3354.6424396212137,3399.3060406489903,3338.2592545088482,3376.97412109375,2419874
TCS,2025-06-11,3383.8979728571367,3402.4265208353168,3363.516665314218,3385.750732421875,2847013
TCS,2025-06-12,3385.7505745896515,3388.481144938844,3338.259030391803,3348.986083984375,4060134
TCS,2025-06-13,3309.003623498393,3364.8818717382055,3309.003623498393,3360.200927734375,2178493
TCS,2025-06-16,3354.642349665819,3421.9302340050463,3341.1847251814343,3409.54541015625,1934088
TCS,2025-06-17,3422.905437301184,3432.6573046439225,3401.5489430536663,3428.073974609375,2111940
TCS,2025-06-18,3431.7796073253016,3450.2105407013996,3357.665418209048,3365.75927734375,2696327
TCS,2025-06-19,3364.394161188714,3365.3693479021017,3328.3122527933565,3339.039306640625,2672768
TCS,2025-06-20,3340.0142809157096,3360.785804206261,3326.2640538984306,3350.44873046875,2351248
TCS,2025-06-23,3330.2626997221478,3340.014567071261,3286.3792966511382,3309.393798828125,3123421
TCS,2025-06-24,3349.376392565029,3356.690292940616,3298.081476031171,3306.27294921875,3403048
TCS,2025-06-25,3322.7537403887272,3364.3941654870573,3315.634829755361,3359.3232421875,1757699
TCS,2025-06-26,3359.3232652421043,3365.759354753242,3330.555256962972,3356.397705078125,2879106
TCS,2025-06-27,3369.2703330730474,3380.387367158931,3345.8658502962735,3355.71533203125,1778433
TCS,2025-06-30,3354.5447137321717,3378.924381810933,3344.8904604060604,3376.096435546875,1468351
TCS,2025-07-01,3369.2701724246303,3398.5257745006766,3328.7999228861,3344.597900390625,2375183
TCS,2025-07-02,3400.671024568939,3403.3039810516498,3335.1385257152824,3338.356689453125,3090585
TCS,2025-07-03,3344.8904436190446,3350.058980842342,3313.294489180619,3316.4150390625,2531870
TCS,2025-07-04,3323.4363525656718,3341.964900305915,3305.980605453995,3334.943603515625,1109320
TCS,2025-07-07,3333.481005692293,3341.0875101654565,3323.8265137554163,3327.044677734375,1639174
TCS,2025-07-08,3320.510975827842,3340.0147113686808,3309.1987139810713,3321.68115234375,2325242
TCS,2025-07-09,3325.3865128143525,3329.28725945695,3283.4534864064294,3299.836669921875,2034938
TCS,2025-07-10,3296.130925499427,3314.659472122057,3272.7264455550526,3298.081298828125,3035012
TCS,2025-07-11,3218.0184502225306,3252.247598137654,3180.1813972680684,3184.959716796875,7635550
TCS,2025-07-14,3184.9597625910983,3190.8108827918168,3120.5974403831947,3142.734130859375,3924009
TCS,2025-07-15,3126.4484195792625,3178.5232917839735,3126.4484195792625,3171.599609375,2590889
TCS,2025-07-16,3157.607249475903,3175.1222359666176,3151.344969328223,3163.576171875,2540733
TCS,2025-07-17,3154.7696780470374,3172.2846643823304,3135.199754145851,3140.18994140625,2947640
TCS,2025-07-18,3155.6502438038765,3159.3685771406017,3118.46738821797,3121.304931640625,3432645
TCS,2025-07-21,3121.4030943290218,3128.83976152069,3084.2202361520617,3090.286865234375,3844346
TCS,2025-07-22,3091.65673828125,3111.7159107005,3086.764257203384,3091.65673828125,3198036
TCS,2025-07-23,3091.6566291573,3113.5748480562365,3089.6996367952283,3110.7373046875,1922875
TCS,2025-07-24,3097.0385335433134,3105.4534578423713,3072.478182452152,3080.30615234375,2934778
TCS,2025-07-25,3072.4780444334683,3089.014534530361,3058.3877948178133,3068.368408203125,2568917
TCS,2025-07-28,3043.12328264916,3050.9512525080645,3003.885488175128,3013.08349609375,3374473
TCS,2025-07-29,2994.1984086760676,3007.8973556438664,2975.802632112602,2990.284423828125,4785312
TCS,2025-07-30,2994.1983151611034,3003.0047807939304,2981.673516260727,2987.93603515625,2880121
TCS,2025-07-31,2976.2918502873677,2994.0027271024683,2950.166049468222,2971.497314453125,2968371
TCS,2025-08-01,2964.7455243430377,2971.4972914199097,2935.488583681943,2938.424072265625,2053847
TCS,2025-08-04,2944.392964480288,3013.181055141491,2927.2692812506943,3008.28857421875,2519252
TCS,2025-08-05,3008.2886143717656,3011.322048140622,2976.5854331255146,2998.014404296875,1927996
TCS,2025-08-06,2997.1337788834585,3000.8521121202134,2960.9294204705666,2967.093994140625,1487081
TCS,2025-08-07,2951.1446440658847,2985.9792055799644,2946.154217712285,2981.47802734375,2543076
TCS,2025-08-08,2982.5543093380406,2994.002666894786,2959.9509519667536,2971.105712890625,2762140
TCS,2025-08-11,2971.105606429514,2984.3153044195046,2956.3304579380692,2975.4111328125,1884215
TCS,2025-08-12,2975.6068714078456,3029.8154640054736,2961.809979769089,2970.127197265625,3358232
TCS,2025-08-13,2970.812449963036,2978.9337774241835,2963.473728360306,2970.91015625,2148166
TCS,2025-08-14,2968.757439673081,2990.1864106721328,2954.1779420022144,2957.30908203125,3342174
TCS,2025-08-18,2980.988718063058,2983.434958599791,2938.815435653507,2946.44775390625,2945609
TCS,2025-08-19,2946.4476070609903,2959.950901928915,2946.349900778797,2951.340087890625,2650784
TCS,2025-08-20,2946.1539583708727,3036.664852119672,2946.1539583708727,3031.96826171875,4952358
TCS,2025-08-21,3062.693270119804,3062.693270119804,3016.801891436903,3035.882568359375,3230726
TCS,2025-08-22,3019.639270954844,3029.1306363096523,2984.4134077810354,2988.327392578125,1593791
TCS,2025-08-25,3020.9115315912086,3084.220191422538,3010.9309175823823,3073.0654296875,3448370
TCS,2025-08-26,3061.7145608480614,3094.0049349317896,3052.9080951888627,3089.30810546875,5522097
TCS,2025-08-28,3077.370733980466,3078.838478368692,3020.1287028396528,3027.173828125,3116051
TCS,2025-08-29,3026.4887537573413,3048.0156702082504,3011.028465982645,3018.3671875,2271789
TCS,2025-09-01,3023.5531276055535,3063.7694152474464,3023.5531276055535,3045.667236328125,1246862
TCS,2025-09-02,3053.9847239556466,3087.1556510845603,3036.371791556432,3044.591064453125,2185229
TCS,2025-09-03,3062.595272321678,3074.33722714916,3021.5963756053266,3030.89208984375,1799774
TCS,2025-09-04,3048.99413571954,3050.951128104469,3024.3360794475675,3029.130615234375,1481391
TCS,2025-09-05,3030.5006621101975,3036.664997028233,2963.47367273015,2982.75,2802055
TCS,2025-09-08,2984.413214194218,2998.9927110613953,2951.144345576971,2954.079833984375,2626187
TCS,2025-09-09,2966.898378981974,2994.19832699537,2965.62628616296,2983.826171875,2489301
TCS,2025-09-10,2990.675797260498,3055.550145422665,2987.740308555338,3043.123291015625,2079428
TCS,2025-09-11,3071.4996140027415,3071.4996140027415,3043.221168990462,3057.017822265625,2263446
TCS,2025-09-12,3076.3919302537256,3080.990814432397,3053.886518550216,3066.019775390625,1447167
TCS,2025-09-15,3066.607284819441,3066.607284819441,3029.4244268669395,3044.982421875,1732539
TCS,2025-09-16,3060.736085121159,3082.26300132086,3042.242602669502,3078.055419921875,2573429
TCS,2025-09-17,3084.2199854121977,3113.966173979194,3074.8263264485827,3104.57275390625,2418271
TCS,2025-09-18,3116.51048247651,3134.1234145595795,3093.4178759668794,3108.388916015625,2633138
TCS,2025-09-19,3101.8328935510035,3112.107103450778,3076.3919928468,3101.050048828125,4901694
TCS,2025-09-22,3028.445731768582,3040.089740964508,2999.090845838676,3007.70166015625,3634901
TCS,2025-09-23,3003.983542191669,3014.4534044791503,2986.3706093710016,2996.546875,3177741
TCS,2025-09-24,2984.4133369924134,2991.262810224855,2967.778901999341,2970.127197265625,1625714
TCS,2025-09-25,2957.015390749667,2964.4520571099356,2887.5421635017433,2893.804443359375,4974361
TCS,2025-09-26,2877.7574418213358,2891.260737711385,2829.126226471788,2836.758544921875,3934636
TCS,2025-09-29,2853.2947314486933,2866.3087778304835,2831.7678164651984,2833.82275390625,3110035
TCS,2025-09-30,2848.402439766557,2852.610021207006,2823.0594837288886,2826.288330078125,2253458
TCS,2025-10-01,2828.8326264436423,2861.9058470940704,2804.957413772581,2851.53369140625,1952902
TCS,2025-10-03,2861.1229086009284,2861.1229086009284,2828.9304789544044,2839.498046875,2899519
TCS,2025-10-06,2839.5959635916415,2929.22631078988,2833.3336834873367,2924.137939453125,2112774
TCS,2025-10-07,2930.5959216848555,2939.891634958981,2891.9453243871753,2909.75390625,3062943
TCS,2025-10-08,2911.0263039913752,2977.5640480826064,2904.176830334925,2962.103759765625,4121889
TCS,2025-10-09,2968.757519004287,3000.069397912704,2955.0585719818546,2995.86181640625,3211304
TCS,2025-10-10,2984.413250266025,3003.983173218589,2942.239970746985,2963.179931640625,8817365
TCS,2025-10-13,2961.9079637241057,2970.225181329542,2933.7272257063764,2942.53369140625,2866865
TCS,2025-10-14,2956.0370052457697,2962.1036338769445,2891.9455044700007,2896.642333984375,3611416
TCS,2025-10-15,2917.954894078994,2926.499513769408,2898.31197994854,2916.7763671875,4282226
TCS,2025-10-16,2916.87439174088,2921.883430677564,2890.553079047838,2917.66015625,3251495
TCS,2025-10-17,2916.972551528368,2935.4369375213087,2902.6331292681275,2909.311767578125,4374683
TCS,2025-10-20,2932.1958010354274,2969.0262624451843,2925.320781572273,2961.365478515625,3133039
TCS,2025-10-21,2976.981832168517,2977.669286180243,2942.508423286113,2953.017333984375,310644
TCS,2025-10-23,3000.4550745732363,3042.687339125331,2981.892616996725,3018.330078125,5564758
TCS,2025-10-24,3025.0086400055093,3034.8300966289034,3003.6961270890743,3008.508544921875,2684318
TCS,2025-10-27,3011.7496607245316,3038.9550474990237,3005.5620951218402,3029.821044921875,1946312
TCS,2025-10-28,3021.0801556355614,3035.0265765381446,2985.919291823652,3003.30322265625,3470737
TCS,2025-10-29,3003.3032409472494,3021.080174034828,2991.714113509379,3003.0087890625,2895420
TCS,2025-10-30,2994.6603471523654,3009.0978400091353,2978.6513253692647,2981.106689453125,2241536
TCS,2025-10-31,2980.8120174669925,3012.6334402910475,2971.088871543434,3003.4013671875,1868085
TCS,2025-11-03,2992.499451583931,3003.4013640895914,2956.2583734171585,2962.93701171875,2194877
TCS,2025-11-04,2965.6872390451917,2975.214004338424,2922.8655907942766,2936.81201171875,2670720
TCS,2025-11-06,2936.7138956519902,2970.0085383136757,2936.61558517126,2957.142333984375,2542721
TCS,2025-11-07,2947.419237380036,2950.3656744717186,2907.6423366423182,2938.383544921875,1830520
TCS,2025-11-10,2939.5619693268272,2993.4816703122747,2938.579823663838,2971.18701171875,1556656
TCS,2025-11-11,2990.633609021809,3001.142519888641,2964.1156755427983,2992.597900390625,2806868
TCS,2025-11-12,3005.3656835637266,3080.4015151753365,3002.51755709654,3075.8837890625,4460315
TCS,2025-11-13,3075.8838537295965,3075.9819244274895,3046.61586484088,3050.249755859375,1740435
TCS,2025-11-14,3034.830102963518,3057.517763723578,3022.356900982103,3050.54443359375,2210794
TCS,2025-11-17,3050.544457369475,3067.7320066302495,3031.4909272444793,3046.812255859375,2232853
TCS,2025-11-18,3046.6158078736476,3049.5622448251693,3023.0443122614724,3031.98193359375,2548350
TCS,2025-11-19,3041.705020306013,3098.6694669245953,3028.4460542827223,3091.499755859375,3151053
TCS,2025-11-20,3091.794673762747,3108.0000778660146,3082.0715272134535,3088.65185546875,2700767
TCS,2025-11-21,3088.6516518716926,3113.4016740052466,3079.2229578295533,3094.34814453125,4177037
TCS,2025-11-24,3101.616062202543,3122.1428110333977,3075.0981288018247,3085.115966796875,6703764
TCS,2025-11-25,3089.142887490615,3093.562543096727,3059.3838251197944,3063.5087890625,2737920
TCS,2025-11-26,3063.115986297256,3121.2589624366606,3061.348076121797,3106.428466796875,2508527
TCS,2025-11-27,3123.223169867727,3123.223169867727,3069.205159068128,3080.59814453125,2836233
TCS,2025-11-28,3083.937297684263,3091.1070087848907,3069.205113141185,3081.48193359375,1616690
TCS,2025-12-01,3081.8747335418534,3097.687374390369,3066.4550948216056,3077.455078125,1747647
TCS,2025-12-02,3075.0980746626374,3087.8659682974553,3064.6872347092776,3079.714111328125,2512003
TCS,2025-12-03,3083.9373188138757,3154.5534946281955,3082.9551731709416,3123.22314453125,3952112
TCS,2025-12-04,3136.9731988901626,3191.9733551637537,3130.4909417024,3171.544677734375,5025905
TCS,2025-12-05,3172.330486734928,3213.187842167148,3164.866083794654,3180.384033203125,5244013
TCS,2025-12-08,3185.0983021118977,3201.6964674714213,3151.3125880977464,3178.71435546875,2544725
TCS,2025-12-09,3172.330579931189,3175.964471029267,3124.401822284255,3151.01806640625,2734893
TCS,2025-12-10,3167.41989738469,3167.41989738469,3121.357359750894,3132.259033203125,1386849
TCS,2025-12-11,3147.7768486239356,3151.1160479641035,3096.8035846478047,3134.91064453125,1914362
TCS,2025-12-12,3140.607031689688,3165.4553640739014,3128.8212841349605,3163.0,1146554
TCS,2025-12-15,3153.7680172761306,3180.384020730158,3140.2143592438706,3172.52685546875,1562190
TCS,2025-12-16,3162.509118995985,3162.509118995985,3134.1252044928165,3147.875244140625,1734623
TCS,2025-12-17,3143.3572206041695,3179.107227122374,3143.3572206041695,3160.348388671875,1376350
TCS,2025-12-18,3170.366292342023,3229.09865265339,3163.4912725011322,3222.2236328125,2307422
TCS,2025-12-19,3240.09857605464,3258.661033366418,3220.259281411304,3223.402099609375,3902511
TCS,2025-12-22,3250.9022578364156,3269.170263717588,3232.2414895890165,3265.5361328125,2632816
TCS,2025-12-23,3260.625245626059,3260.625245626059,3234.6966963938,3250.902099609375,2365420
TCS,2025-12-24,3245.107580613968,3267.696930860065,3237.2504153109776,3259.741455078125,1367708
TCS,2025-12-26,3253.9468611908032,3260.7235702886815,3213.384197736604,3221.437744140625,1176664
TCS,2025-12-29,3221.437683809396,3229.294848891858,3184.9999848268185,3193.446533203125,2079473
TCS,2025-12-30,3191.973384551631,3209.160933545371,3181.6608551553877,3188.83056640625,2807593
TCS,2025-12-31,3182.151893056932,3188.0447669329633,3141.392848747715,3148.955322265625,3362634
TCS,2026-01-01,3157.59834501185,3176.3574233163417,3141.0982497161094,3169.77685546875,1255735
TCS,2026-01-02,3176.2591039024273,3196.196709004467,3162.017991655493,3192.660888671875,1184324
TCS,2026-01-05,3182.642968809425,3189.026915514335,3134.026759287417,3158.6787109375,2341703
TCS,2026-01-06,3152.6876022111082,3204.9377039238207,3147.7768738587542,3197.669921875,2912325
TCS,2026-01-07,3185.0000101265678,3241.6700055592964,3165.651788913644,3236.75927734375,1989442
TCS,2026-01-08,3228.2143763788763,3228.2143763788763,3125.1873956711997,3146.6962890625,4159336
TCS,2026-01-09,3134.0267606372377,3172.0357492326657,3134.0267606372377,3150.52685546875,1938673
TCS,2026-01-12,3145.8126491306843,3193.937788002805,3117.6251157476318,3181.75927734375,2228342
TCS,2026-01-13,3187.0627488471305,3221.437847833155,3153.1787227037635,3209.652099609375,5645341
TCS,2026-01-14,3201.7948316366483,3201.7948316366483,3126.1696162881753,3135.5,3539511
TCS,2026-01-15,3135.5,3135.5,3135.5,3135.5,0
TCS,2026-01-16,3219.39990234375,3221.89990234375,3171.0,3206.699951171875,4293470
TCS,2026-01-19,3188.0,3220.0,3152.10009765625,3163.60009765625,3387562
TCS,2026-01-20,3151.60009765625,3160.0,3091.10009765625,3102.300048828125,4499273
TCS,2026-01-21,3100.0,3138.5,3082.0,3122.60009765625,2015150
TCS,2026-01-22,3150.0,3160.0,3122.300048828125,3150.39990234375,2269827
TCS,2026-01-23,3190.300048828125,3194.5,3152.0,3162.5,2068857
TCS,2026-01-27,3175.0,3175.0,3130.0,3158.0,4279874
TCS,2026-01-28,3176.0,3205.199951171875,3170.60009765625,3200.10009765625,2751234
TCS,2026-01-29,3200.10009765625,3200.10009765625,3125.60009765625,3144.39990234375,2457641
TCS,2026-01-30,3141.0,3141.0,3092.0,3123.89990234375,3022068
TCS,2026-02-02,3198.0,3198.0,3134.0,3169.60009765625,2636272
TCS,2026-02-03,3350.0,3350.0,3186.300048828125,3225.300048828125,4366060
TCS,2026-02-04,3120.0,3120.0,2986.0,2999.10009765625,10852595
TCS,2026-02-05,2990.0,3029.699951171875,2972.300048828125,2991.5,3521545
TCS,2026-02-06,2976.60009765625,2985.0,2916.0,2941.60009765625,4687389
TCS,2026-02-09,2959.10009765625,2977.0,2937.5,2948.199951171875,2380318
TCS,2026-02-10,2949.800048828125,3011.60009765625,2943.5,2984.60009765625,3547763
TCS,2026-02-11,2980.0,2998.0,2904.199951171875,2909.800048828125,3363513
TCS,2026-02-12,2869.800048828125,2880.0,2740.0,2750.10009765625,10612156
TCS,2026-02-13,2585.0,2713.0,2585.0,2692.199951171875,11168735
TCS,2026-02-16,2700.0,2719.800048828125,2671.0,2706.60009765625,2918730
TCS,2026-02-17,2716.0,2760.0,2695.199951171875,2717.39990234375,4209118
TCS,2026-02-18,2730.0,2730.0,2657.300048828125,2694.89990234375,2950820
TCS,2026-02-19,2708.0,2748.699951171875,2666.60009765625,2677.89990234375,3238849
TCS,2026-02-20,2667.0,2702.60009765625,2647.5,2686.199951171875,2293482
TCS,2026-02-23,2686.0,2704.0,2660.199951171875,2676.300048828125,4699596
TCS,2026-02-24,2641.0,2647.5,2561.300048828125,2573.699951171875,7798833
TCS,2026-02-25,2596.0,2654.199951171875,2595.0,2629.300048828125,3621285
TCS,2026-02-26,2650.0,2671.0,2635.0,2647.699951171875,3464267
TCS,2026-02-27,2681.60009765625,2688.60009765625,2626.10009765625,2637.39990234375,5083717
TCS,2026-03-02,2592.0,2623.800048828125,2580.300048828125,2613.5,3374385
TCS,2026-03-04,2625.0,2635.0,2580.39990234375,2587.800048828125,3446434
TCS,2026-03-05,2600.0,2609.5,2546.39990234375,2578.800048828125,2960636
TCS,2026-03-06,2572.0,2619.199951171875,2553.60009765625,2557.60009765625,3998643
TCS,2026-03-09,2530.0,2560.0,2505.0,2527.39990234375,3653428
TCS,2026-03-10,2541.0,2545.199951171875,2490.10009765625,2513.10009765625,4323710
TCS,2026-03-11,2508.10009765625,2521.0,2460.10009765625,2464.89990234375,2720664
TCS,2026-03-12,2459.800048828125,2472.89990234375,2436.0,2442.39990234375,2752075
TCS,2026-03-13,2437.0,2445.89990234375,2397.0,2410.5,2466488
TCS,2026-03-16,2410.0,2425.0,2366.10009765625,2409.199951171875,3807907
TCS,2026-03-17,2420.0,2420.0,2360.0,2391.699951171875,2993367
TCS,2026-03-18,2410.0,2482.89990234375,2410.0,2440.800048828125,3082388
TCS,2026-03-19,2417.0,2424.0,2350.199951171875,2356.0,2757060
TCS,2026-03-20,2386.0,2407.800048828125,2364.199951171875,2390.60009765625,4206320
TCS,2026-03-23,2365.0,2406.800048828125,2348.0,2383.800048828125,3860515
TCS,2026-03-24,2404.10009765625,2435.39990234375,2379.10009765625,2398.800048828125,3420182
TCS,2026-03-25,2400.89990234375,2421.60009765625,2369.800048828125,2377.39990234375,5843778
TCS,2026-03-27,2403.89990234375,2422.10009765625,2385.0,2389.800048828125,4979411
TCS,2026-03-30,2375.10009765625,2398.0,2346.199951171875,2358.89990234375,6804756
